0015a82c2db000af6aaaf3ae2ecb0532,5
001cca7ae9ae17fb1caed9dfb1094831,4
002100f778ceb8431b7a1020ff7ab48f,3
004c9cd9d87a3c30c522c48c4fc07416,3
00720abe85ba0859807595bbf045a33b,2
00ee68308b45bc5e2660cd833c3f81cc,4
00fc707aaaad2d31347cf883cd2dfe10,3
01266d4c46afa519678d16a8b683d325,5
013900e863eace745d3ec7614cab5b1a,5
014c0679dd340a0e338872e7ec85666a,3
014d9a685fd57276679edd00e07089e5,5
0176f73cc1195f367f7b32db1e5b3aa8,3
01bcc9d254a0143f0ce9791b960b2a47,4
01c97ebb5cdac52891c0ed1c37ba0012,3
01cf7e3d21494c41fb86034f2e714fa1,4
01ed254b9ff8407dfb9d99ba1e17d923,5
01fd077212124329bac32490e8ef80d9,4
01fdefa7697d26ad920e9e0346d4bd1b,4
0241d4d5d36f10f80c644447315af0bd,4
0249d282d911d23cb8b869ab49c99f53,5
02a2272692e13558373c66db98f05e2e,5
02b72cdeb9cfcc429f1af6f4e3f3b737,5
02c988090b766852e088c69d7fb3b551,3
02d35243ea2e497335cd0f076b45675d,2
02dcd3e8e25bee036e32512bcf175493,4
02ecc2a19303f05e59ce133fd923fff7,5
02f5837340d7eb4f653d676c7256523a,4
02f623a8eb246f3c5f7c2f96462654e6,4
0307f7565ff85b299b6e5ef162b1b1a9,2
039b29ff3b3473435d0cd59040575de9,5
03a2a6dcbe45d639c4dc2a0d24769c40,5
03bd479e1d9484cdb14104d3023f7321,4
0417b067eeab773d2f7061a726dc477f,3
04308b1ee57b6625f47df1d56f00eedf,3
0432ead42b6c8a0bdf68154add917fdf,4
048c2757535328e0d7dac690ad3c0aae,3
04aa0a1c5ce6b222003403a3e11c3cc0,5
04aba03279157f6d4e0fe8ccaf21963c,4
04e38a233f726ef161074ab1c9b0399a,3
04fdea0c111866e6cf812f1570d6b5bd,4
0509040ea3fe50071181bbc359eb7738,4
052577151711aec5c744fe12e66db3e1,1
054694fa03fe82cec4b7551487331d74,5
056b4ada5bbc2c50cc7842547dda6b51,4
05730013efda596306417c3b09302475,5
058cb5aeb36d7c0fcae20fc85d5e0a59,3
058fd0aa2bfdb2274e05e1ae971dabb6,4
05a940b4ecae36cadfd8e93bd9c43257,5
05d2173d43ea568aa0540eba70d2ca76,3
05e107217c7266362fd44b75b2cd4cc4,4
05f51e13da97139648b8125c31e5f51b,4
05ff92fedb5be47920fea08e501238b9,4
062ce95fa2ad4dfaedfc79260130565f,4
06532f10282704ef4c69168b914b77be,4
06579cb253ecd5a3a12a9e6eb6bf8f47,3
066a6914e1ebf3ea95a216c73a986b91,4
0691148aee60ca47977c187804f935ae,4
06a2c3af7b3aee5d69171b0e14f0ee87,3
06bb3a2fe5e7b7a845b13e8fb91bd944,4
06df0c10d34e459d9672bc77388742eb,4
06e5eefc71ec47ae763c5c6f8db7064f,4
07017df32dc5f2f1d2801e579548d620,2
070d165398b553f3b4b851c216b8a358,3
0725b8c0f3f906e58f70cbe76b7c748c,4
0743a0239d764b9a0f959a57d07e36ab,5
0747d5bb69f0586cc869d8af4c50f93e,2
0761743cbffb25d7148189e9f1a5f03a,5
079d295dcbf06ee8bb1b65ba964eb2b6,5
07bf9669d84d1f11be443a9dd938f698,5
07d75e33f2750d97d467fb57e4dfdd8a,4
07de60b03d150fb3ea09eab5da5e4c8b,5
080102cd0a76b09e0dcf55fcacc60e05,4
080199a181c46c657dc5aa235411be3b,4
08084d990eb3f53af056ccbc1730c8a7,5
082e0bf4cb865a6533b1e8e498cc0255,3
085f6f7e049c996695fb2074fe38d45e,5
08633c14ef2db992c11f840f04fad4cd,4
0885aaf116795758dfeb5f1032487bcd,4
0887a9f087bcd5d9f6642b52f897fc6c,4
08d0949a9a17c027262db1f3c450c26c,3
08d2d642cf72b622b14dde1d2f5eb2f5,4
093805f8f2aeb63881444571e1f48f30,3
094ced053e257ae8cae57205592d6712,4
0951a6e282947e09cd47969f4ed0b47f,5
09883d9ab71c8fe8a9bfc7fc3075b07e,2
09bad886111255c5b5030314fc7f1a4a,5
09f952a5f58d2285b0372551ae8f9b01,3
0a82f5fb06a4fe4ac2cf7cb412ec71b8,5
0a85ebe4e328db81ac9109781205e2f7,4
0aa2205ca24f113f4658a5c536667426,5
0ac4201fda2c68ebc0e47cb9423cf3c9,5
0ad80de75c811326389cfb1daba7d45e,5
0adac9fbd9a2b63cccaac4f8756c1ca8,3
0ade5cc4a305ed7093a23f68ca47519c,5
0aea4c6ae1505b3228ddf3dd7822ee5b,3
0af2ab31141893d26aca5a404a537dab,5
0afccdb8a34ee5c79f7c06faf2b4d56e,3
0b18d63d0cd1d723567903fd34a07df2,5
0b1ca3ef18a63d7eb0c8897fa0849c08,5
0b35c634521043bf4b47e21547b99ab5,2
0b64bcdb0784abc139af04077d49a20e,5
0b90b6df587eb83608a64ea8b390cf07,4
0bae85eb84b9fb3bd773911e89288d54,4
0bb27263628258b8111a0262769fa9db,5
0bb738e4d789e63e2267697c42d35a2d,4
0be8ff43f22e456b4e0371b2245e4d01,3
0bebbb2cea103a4a020c95d43fd7d754,5
0bf0150d5b9d60d9cd2906003332f085,2
0c7533c71df861ec58ad7ff999ed0e8d,4
0c7f30ae9b147eca07affbef92832a6a,5
0c8380b62e38e8a1e6adbeba7eb9688c,3
0cab2da43793a6f3c5ed8514c5f54627,5
0cbcee27c791afa0cdcb08587a2013a8,3
0d33a55da925bbf1ff02af5f6059fc7f,4
0d4c8269e7f0401201794deef160edd6,5
0d85bbda9889ce1f7e63778d24f346eb,3
0db783cfcd3b73998abc6e10e59a102f,3
0dd184061fb0eaa7ca37932c68ab91c5,3
0df3984f9dfb3d49ac6366acbd3bbb85,4
0e44d110fa6a54e121cb2c095a77762f,5
0e982cff76cc0579f632cea8a0e38c9d,5
0ea22c1cfbdc755f86b9b54b39c16043,4
0eaa7e33d73809f1f925f7d07c506cbd,5
0ebd97a106433a45a4aebe57c1799778,4
0ed6ce5d87fd9c69eaacaeb778d67235,4
0ee4fb99ac55ffbbc98795aa01b7f8fa,5
0ef83d7d83ed97cd2a0049ac8be5f88a,5
0f7eea709efdf942b5f95c7516dbacd7,5
0f80a40c312b2472dca482cf50f5186f,3
0f94588695d71662beec8d883ffacf09,5
0ff83046c3fa22efee8ecf291888b191,5
0ffa40d54288e4f3499b8780dd0f144f,4
10076e5788b8ee532724bcd460baf762,4
10089e9f2fd0c668a8fd4e52e1698888,4
101a3a003516bc11253298b2fad3cb65,5
1025f0e2d44d7041d6cf58b6550e0bfa,3
10ff823eda2b032e2c93d17a7d294736,5
112453736dbe3889cfb74e1aaa0ba0c1,3
1127b7f2594683f2510f1c2c834a486b,3
11305281b50fff20ae8bb473f8e11876,3
113e3a788b935f48aad63e1c41dac1bd,4
116ccb1a1604bc88e4d234a8c23f33de,4
11742f81550ac064cc9a40f67151d9ad,5
117cfc326c6d50da67ca858ff5c0c852,5
11bfa66332777660bd0640ee84d47006,3
11d4c477d09821164bca4f70a2eae031,5
11eac105f3f90a9b87b19c89d91e24f3,5
11fb6f6d341adbe19e81733701704635,5
120476eb7a04c149d14772edaf5d9bf2,3
128639473a139ac0f3e5f5ade55873a5,4
128f9bfbe4c7d5185033914b1de3d39a,4
12b9676b00f60f3b700e83af21824c0e,4
12c2ed9cded6138cf0c75f525f565fc7,3
13074f016982ff2bd6c58ced8682f000,3
131fcb0a0c9a47bba4474aacff0f14b7,3
1336efc61c316ddf92c899eb817f7cae,3
134a288e7de827ec5ec62e3ec9c3a295,4
134b867a0f7f8bbe6abf10f91874891e,4
1352e06ae67b410cdae0b2a22361167b,1
1354d51653f645349064725ed204e85e,5
138dbe45fc62f1e244378131a6801526,4
13c2ed7698b3ca92dad49e849219da59,4
13d058e4eeac2ce8217660b2f8a05812,5
13d95f0f6f73943d4ceffad0fc2cd32c,3
13dd308f81fea30cc670c656b2b46cc3,5
13f57c12a00ed4610db646b913a7f5c6,5
13fa2a6c6b9d0f43cb588d7c82117a12,3
141440cad9341e553f8401c574a2aa38,5
1430239a858e7682bbc43b20758af153,5
1464afc72f696af775557a821c2e253f,5
14a08204d03bb6b6bde8029f801ae0eb,4
14d7985702e72162bbf13b6beb74ab2b,4
14ee35374a7876217954b5fa08e50463,5
152ee17e4c8aaf53dac99f3462e4999b,5
1554a68530182680ad5c8b042c3ab563,4
157c3e4b42f81ac4a44e8b1ca2fe9876,4
1588ac4010787100dddef64568f0ae35,3
15aac934c58d886785ac1b17953ea898,4
15aec03fe4cf30dfa574cf550f5ff5ff,1
15cd6eefe58588619aaed41dfa6621b1,4
15ead3a5037a918ddb520dfe39a3d2b9,5
15fa791d5e017f66402dc28c44480657,4
16090f2ca825584b5a147ab24aa30c86,4
165b1235e9e9942cb5fae67103576fb0,4
165fc07beebdcb6190fba8a06db2a449,3
1660ad786c27fd935378b6192a90b417,5
167fd940acebc789debd6eb418c46e38,5
1690cada046eb7e92c12f98b1f8a8167,5
1710c3aaa9c6b44ec3883ee0fe300e21,5
17306570e772e7718c92a562d33f5f1d,4
173d56ffbd4c56cb80fc3615487d712b,5
1771297ac436903d1dd6b0e9279aa505,4
1782ce2db72c3dda627d5e7c898104e1,4
17908cf9b444ee34047cadd5c0f4a516,5
179d859f51292aac5c10806a356f7af9,4
17a053fcb14bd219540cbde0df490be0,4
17ca9b9e9b9ef8fdb529001b49ebb50f,3
17e34d8224d27a541263c4c64b11a56b,4
17f51e7198701186712e53a39c564617,4
180c3376aff0e43dd5788709df48a843,5
1835b56ce799e6a4dc4eddc053f04066,3
1838dd9b8977065acf51d95e0053ea7a,4
184a67a8f9f63234d3a92340bbdb727f,5
186cdd1b2df32caa72cfb410bba768d3,5
18a349e75d307f4b4cc646a691ed4216,2
18e694e0e48ed6f7aa3f24aade5fd697,4
1900267e848ceeba8fa32d80c1a5f5a8,3
191d55f7edb8524d525ed01b20fe32e8,1
1967a9e2ad6f51802b093147d861df58,1
1976a05ecf2996d6ffb7b5430e635fe7,5
1987cd4be10fe09ee50454f9c354d1c6,4
198c7ea11960a9844b544d9bcdca860c,3
1996942dc085d7773ba77a529b163cd0,4
19e0f40a907ec568c34bfac15de4f4a1,5
1a3df491d1c4f1589fc2b934ada68bf2,4
1a932caad4f9d804097d7f8e615baed1,4
1acde099eb406aa220b1169b188b42da,5
1b1ae47a313a825a7ccceb8e2e30fa9d,5
1b45169b635ef59425637e9a33eb5fb3,5
1b4b28463457a256e9a784ebe2a8f630,1
1b4c3a6f53068f0b6944d2d005c9fc89,4
1b65c144b17e607c0f37f10bb7dfec8d,1
1b7e5006cb25dd23ce8686691013b121,3
1b8356dabde1d35e17cef975c3f82730,3
1b8b75e227c9a9c100d0c210fb6176ce,2
1b938a7ec6ac5061a66a3766e0e75f90,4
1bb2bdb95f4841f1bba2c0d2cd83d3c9,4
1bc2e21de46adfea6b98cc96b00f3b40,2
1c129092bf23f28a5930387c980c0dfc,4
1c40343cc5d18c2d8248ac2f3366de34,4
1c5e4e49b9079480255b49d50aac1aa9,4
1c68394e931a64f90ea236c5ea590300,3
1ca4bdb0cd7fc48e949bac066188ed26,5
1ca7077d890b907f89be8c954a02686a,2
1caf283236cd69af44cbc09a0a1e7d32,4
1cbd32d00d01bb8087a5eb088612fd9c,5
1cbd50a8c52e6cf8e315c5709fab386f,4
1cbdc7cf130a41fd13a3c2a7d2fcfda7,5
1cd9e0cc1839d55516843def5600816d,5
1ce3ae5a399804d1a87e706f8a813c3e,3
1d0997ff06b524ce9289ffd75114ecd3,1
1d29dfba02015238dfbe2449a5eaa361,5
1d4587203296c8f4ad134dc286fa6db0,4
1d8dbc4f32378d715c717c1c1fc57bae,4
1d953075c2f0dd990bacf27b83b330f1,5
1da366cade6d8276e7d8beea7af5d4bf,3
1da3aeb70d7989d1e6d9b0e887f97c23,4
1dc2de47ee26a0a5b12dc14fd6dc0dea,4
1dcfa3835714681d4ba4a93bc1e0fd41,5
1de62b6f2fd96227629786db492433db,5
1dfe5347016252a7884b694d4f10f5c4,2
1e26c56af8d48424e1df0140a2401f83,5
1e483cc5c76fef08d3ca05f9a8af7d01,4
1e8b33f18b4f7598d87f5cbee2282cc2,4
1e8c6a4c538f286aee9573239740a4b4,5
1eade46fba20122dc4aefb379f8c636b,4
1f1bb1f0859883505541bdd6606193e5,4
1f2eebc0e970fd3c463e4f5d9652687a,5
1f50f920176fa81dab994f9023523100,4
1f867308a0ce13133a4e639ff4de0c02,5
1f9ab4708f3056ede07124aad39a2554,3
1fdc574883ef3b33ad41562d93f3a74a,4
1fe5540d7c1c37a595fefbacd5570d9e,4
2009a095de2a2a41626f6c6d7722678d,5
2059c39f76271d4ca3f15b5ffaccc8b8,4
2063dd1b9f568df1c16741ea7d3e6adb,5
2089a6d640999f9b9141ac719b2af596,4
20a7efa9721046319bdde5d60b6b5365,5
20a8b0dc55da94fe74d112082427c84f,3
20b54c376b794ed028df09a3cd88e8dc,2
20cb7c2fde3e5bf10f0bbe7394e1c6a9,3
20d53aad4fe5ee93a64f8839609d3586,2
20d83f3ef0e6925fd74bfd59170babf7,4
20f0aeea30bc3b8c4420be8ced4226c0,1
2138ccb85b11a4ec1e37afbd1c8eda1f,3
213b25e6f54661939f11710a6fddb871,3
213fafb0ca06fb3d5886579c2565791b,1
2156f2671501a81034d7d07f217609d0,4
218d46b86c1881d022bce9c68a7d4b15,4
218f991754f360af9c2daa5e0b8e990c,5
2199e7fe213c16213bf5d6a7eadc9a5d,3
21e83881401b92b49fb09a16d3852291,2
226b05fe067266c59c15dae208213d06,3
228e4c1a0be164f613d41c24345f9d2c,5
229c3efbfb0ea2058de4ccdfbc3d784a,3
232a6014e7b10cba61c6c2b2ea6bb4b0,4
23613d49c3ac2bd302259e55c06c050c,3
236585a4ddb5fea9fa40233e2249ed91,3
2379bdc3888025689a9deb7b141507d5,5
238fac594e170b59c6d228f5a4f4f1d9,3
23a0ffca143a15b9b5bbdb7d552f626a,4
23c38debaffe4a25a30fdbd9b586a13f,4
23ca5f678e0b3ea6c630b30fa8bf51ea,5
23d7c96d4a1160db1c726b248601b25a,3
240b9776d844d37535668549a396af32,3
244c2f1bff6afe1f2eaf9bfe9b2aed38,4
2493dc3f20131696a0ecdb9948051a8d,5
24a6daf925d9d591870a66660416de31,4
24c1de8d9551c0b4fbc53317d53efda8,5
2528513dd95219a6013d4d05176e391a,3
2528744c5ef5d955adc318720a94d2e7,3
252e76235acb79183cfca6e34f13337d,4
253c025bab43881055aeecde5e2d8b77,5
257e61d3251fb5efb9daadddbc2cf7ca,4
259f7b5e6e482c230e5bfaa670b6bb8f,4
25be943a321c8938947bdaabca979a90,2
25c5c91f63607446a97b143d2d535d31,3
25cf099de44674fde97473224f9d59ab,4
25debeafbce801fdd479539350185eee,1
25e47381a6c510ddeb36084e33b89f0c,4
25e6ffe976bd75618accfe16cefcbd0d,4
262237171f48e85819065498cac80d7b,5
2646baaf662d4d92ac48f047e35db92d,4
26562f211dd1364af2a8596dc945e8ae,5
26785a546900236d66f2e4197c211158,4
269c5fc9fcadee614364c3620c30a1f9,5
269cff2d3c8d205c11f37a52402ea93b,4
26af45f5dfd967225a832838aa4e24a3,5
26d6bbee02420494d471c9f6436929c0,4
26d8a1c7c75d513045798992ead43aa2,4
26e13b6ff5b641b329e5524241ee2c93,5
26e2c91ef821e1ff8985f408788fe35b,3
26e2e5033827d2ba53929f43e03d8ffe,5
270297ead4c65a6cd2593960d2af6b21,4
270572bb714b00531be85e16e1550f26,5
2709af9587499e95e803a6498a5a56e9,3
270d3ef21830ad0ecf3a6c53d08a533a,3
271b8923c6a549e02d3c9fd1f8c0422b,4
271c58a1d139c45eaf3316107c6d3a3b,3
272f092de69afedd4d2969440b37f18f,3
2745f798279e0ed033addcc1474776d7,3
276677b5d08786d5dce7c2149dcce48b,3
282f23a9769b2690c5dda22e316f9941,3
28405831a29823802aa22c084cfd0649,5
289cdb325fb7e7f891c38608bf9e0962,4
28c7d8743fbc8679f484868cc0fcaefb,5
28ea411b354f14b1a494be4e79f0ce02,5
28f10b1c5e5abb9d4857745bede6147c,4
293dee954235e4e4e43f129313625ebe,5
2953ce3a88f5e3c3b696d77fc9e4c8eb,5
296729ffb9b684050dd24836dac4494a,5
297d5eccd19fa9a83b2630071ff105e4,5
299c89a525fee36c567f4fe72f038100,3
29fe9f200d3fa0c668d2aa1ec7e08dfb,1
2a1348e9addc1af5aaa619b1a3679d6b,3
2a167ca73899c85001a837d8fb4962f6,4
2a261b5b644fa05f4f2700eb93544f2c,2
2a5b78b41cd05baeac8df54c6606b92c,3
2a61c271b1ac763450d846849783e922,4
2a6fbeaa7ab9e5d59a35841a8da71ce4,4
2a7dc43cecabf23403078e2188437d1d,3
2a84855fd20af891be03bc5924d2b453,4
2aa3443d7bf9d9bb11133f420d75e083,3
2aafae69bf4c41fbd94053d9413e87ee,4
2addf05f476d0637864454e93ba673d5,5
2b03ac196f5ed62ac483960fe0fa3b65,3
2b1a40c1daabc6ca280c4b815c101841,3
2b3b9ce054da76a7428df143a567b156,2
2b3e4a2a3ea8e01938cabda2a3e5cc79,4
2b402d5dc42554061f8ea98d1916f148,5
2b5ed0c9139dae8883a200dfcb272ece,5
2ba91c7ad80ff88b23b7db823b43c233,2
2bd05d410a8fd26dc4184a15f4f2f588,5
2be17df1c49978426251562096c3cc09,4
2bf28e311bba65237358230cabac3f15,1
2bf6a2c1e71bbd29a4ad64e6d3c3629f,3
2c00c85d30361cd2ced2969cffbbffa3,5
2c2c9832d1bb38c5b0034a3b47d313ee,3
2c3d56f92f360fb89d849b84e8f50eae,4
2c4c47cb51acd5ea5db5e0ae0e26542a,4
2c54051840f19eca309a5423cf22df36,4
2c9e548be18521d1c43cde1c582c6de8,3
2cb4700db635baa1c0d4f90ed27b6669,1
2d2322d842118867781fc737e96d59a1,5
2d2c62bef4c8ba0dd74e0e228e808539,4
2d42ebcda99fd55f6f4bc2f1ca035d50,2
2d50d6282f8aa2257819a77bfaa0efe0,3
2d518637f53161b973e01f56ea4bb88e,5
2dcf93836ae3ce0d7c93e2f10876467a,5
2dee2ce60de9709b1a24083217181a1f,4
2e0dba2da448400b1c11d7b4b22f32a4,2
2e13c71026e1a39ba5cc1b86dcb679aa,4
2e1a7d075abe038c1b2743005fe42ff1,4
2e1c9f22be269ef4643f826c9e650a52,4
2e3be8a987a30d7544dbbda6861cc14e,1
2e7ea2aafec5835e781b21d6d1faf1f1,4
2e90cb1677d35cfe24eef47d441b7c87,4
2eb70248d66e0e3ef83659f71b244378,2
2f09f7d37a97956d11cc1a7cadd5262b,3
2f1e7b90e01d9f086cbcb301c0c3d406,5
2f4b0d3b9634b647d4edee577d7ebb7e,4
2f4b9d112bfa44a214bc6cef085d17c8,4
2f74af7a0ee5636f12c2336f9fffed47,5
2fb25ab44bdbeae6a4d816e0d0c9d500,5
2fdde51ad3e12f297da656d4fbd5d0b5,5
2ff6b7bff164ef05590a52734e1296da,5
2ff97219cb8622eaf3cd89b7d9c09824,4
3076499bbc033a927bf4a8a41bcf7fd4,4
3078096983cf766a32a06257648502d1,4
30829ded4523ab9224b93bc49a62c95f,4
3092c0b297aacfb4bb6e056ebe13b9b8,5
30a2f535bb48308f991d0b9ad4a8c4bb,4
30a81d8cf85fb2ada1b1b094c9583a95,5
30c7f28fd3a5897b2c82d152bb760c17,1
31344c16881c08a8a72c6d2eb29918c1,4
31561f325664a8a7aba4c8d0c3a9b3db,4
318f287a62ab7ac10b703ac37435a231,3
31be790e64fc99f8ff48ec2bd18a3104,5
31da954dc0855f2495c6310f70a2f931,4
31eec405c9bb71dec8e2629a92e764fa,4
323ce52b5b81df2cd804b017b7f09aa7,4
325f3178fb58e2a9778334621eecdbf9,4
328acb143b4a73aad6bee8e734f5d20d,4
32b8764b4ef628b53608fc34011fcc13,4
32f1bb9dfa65bc7df5c0d9d95a616be4,1
32fdd5d44ecb43dfd6a24b9369eca144,5
3340ef1913fb70d28420f6ceb685c339,4
334cab711dee080b079fa5779b584783,5
33576ec5412fb5905d876f12f33bfde6,4
3361277dc30b7cccdb0c286b24219756,4
3364a91ec4d56c98e44174de954b94f6,5
33a17d60c64393351ebf1ef860f4e0f2,4
33a6f4b1e7cdc205511e76ba1b6e0186,4
33ab10be054370c254ddfcf0a6253422,5
33ac3e28642ab8bda860a2f693000e78,4
33c51922b6e3c16b24a8f28e5833c99d,3
33cbbec1e7e1044aaf11d152172c776f,4
33cbda8716511e27e556dff9d8418bf2,5
33d677f27a69b84051204ee4ae76eaca,5
33dd941c27854f7625b968cc6195a552,3
33fd411ed63a7c2f9005e3f065d9f85d,4
34056b8b55c1775a22af2331670a799c,4
340636a908b13bbe0f4fb63fbe1d0c03,3
343e716476e3748b069f980efbaa294e,2
3442f8959a84dea7ee197c632cb2df15,1
3481aa57cd91f9f9d3fa1fa12d9a3bf7,4
3492e68f37fd1df87f4f2f2ea247f445,3
34d1ca11b242c0fee2c834ae8d788566,4
34f563c82a85b99ae9e6d60db5fc2e28,5
3504c0cb71d7fa48d967e0e4c94d59d9,4
35281d148dcf7134bae913c57db4e6da,5
353e21e8bf8de2722b4fae1636664b76,1
3586b8580d9c917874e053a1bb37b5ff,4
35ef5aa32949680f627efec3c23e705c,2
365e445f796710c3431557e85caa25db,5
365e4bce19bda0082c3d15d83fdb8bcd,5
36890be00bbfc1cdb9a4a38a6af05a69,4
36a968b544695394e4e9d7572688598f,4
37303482a42fb700d8d127e70a9cd6c8,5
373ee4a3a775a733770ca3f790b8b9ac,5
37515688008a7a40ac93e3b2e4ab203f,3
376a891762bbdecbc02b4b6adec3fdda,4
3771c85bac139d2344864ede5d9341e3,4
377bc18334c78dd2f1535ef22a3ad225,5
3785b653b1b82de85ab47dd139938091,5
37be5a7c751166fbc5f8ccba4119e043,4
37dd29b36c458d82f74a953c40c43645,3
38102b031c2a15e54623d711bfc753d3,3
381c83fdca332ea6afd896da20bf6e4a,4
3820c6537b3853be1a0687d5a60807ec,1
382229d1e840115ffe3dbf5ff460e417,3
385799a1cddbd26dfeb9157356a42282,4
38874e327ce94d11390b96eb42d61928,4
38af8acfd46ac4a7bf754e8ca6736664,5
38e679b9e0064cd94c6f035707344dae,4
38e6dada03429a47197d5d584d793b41,2
3903c788ded8dc03b5ebab37a2f3e9a1,4
391bbd13b6452244774beff1824006ed,1
391fc6631aebcf3004804e51b40bcf1e,4
392353362d22cc2c236e1ee81ff19890,5
392e0502231ae2f8b29994ef6398cd77,4
3935fe5fe0f82787a9dcb8deb62be09d,4
3968920b9aa752ab98f7d5888c9252f2,5
3969863bb8af7f72580b3b1ffd3a17b3,4
397c4d0c005b6f41f90098ac724e28cb,4
3985a3c45be355a4c57fde108bfabd1c,5
3986c0b54f6b748b75e7bd4e092aa3e5,5
39a5005f2605cbdb4f9ac14485cabfd1,5
39c763cca83e654764b7a4a650fb9b7c,5
39d54ff918774174706fb065d7f9dc07,4
39d61be7a92eb77b7da367bd4845bc0e,5
39f776d2974049026ff531fc42ef2a3e,3
3a1a1fec38dd360f15fc912e821e169d,4
3a3e46d10f74d8a6ca76e2b538f106a0,4
3a4127e1ba7208ea37044c5092aae170,5
3a490ba60afa30ece0e7d50cfe74a4f0,4
3a734b715d333a2588a3d54a0c9b8746,4
3ab971ce71839580d2ae5b4e40fe8044,3
3ade81dab5a172b88e1871c28ae05260,4
3b15288545f8928d3e65a8f949a28291,3
3b872fd4747f01cc56206f2934198618,4
3bb548e3cb7f70f28e3f11ee9dce0e59,3
3bdff180c7e1f6551a643b99c265a120,3
3be5841cdcc46de4ed3f9116f104b2c5,5
3be634553519fb6536a03e1358e9fdc7,4
3c010235b7345c92f125d14ee232a76b,4
3c03b12bab54d8b37d79d914bfdb1aa0,5
3c487ae8f8d7542beff5788e2e0aea83,4
3c4e0452bff7a2a788179488d3d77032,4
3c7c4a49ec3c6550809089c6a2ca9370,3
3ca08eeb8d5595949fed424bd3677742,5
3d0cd21d41671c46f82cd11176bf7277,5
3d2531eccfbde1d7c8db7a3a12fb267a,3
3d290fe363c60a77498c1126fd3fb8d3,5
3d39fbf22a665714baf62fae36029e23,4
3d3ccf2b2f8134b10dce9dd446f0e075,5
3d4824f20035949c710eaf111f869d39,5
3d49bfdd1b43a7fe169b3740067acc61,4
3d5d0dc7073a299e31fa718ce1bc00b6,2
3d621842b2ed28e2b474132480edac3c,5
3d62f86afa7c73be2628a3be1423f5a0,4
3d700782d7818f2c1e0d7a9e9d75fc00,1
3d871de0142ce09b7081e2b9d1733cb1,3
3d8fa2f5b647373c8620330c4e077a9f,3
3db66a856d18a9cba7c9241fc5221c50,4
3dbbce181edfaa4a597ec858c382d2ec,5
3dc69bf2c42f0568a5c4791ec3fd3745,4
3ded4e2d5f135cb103e5949d7263d2dd,5
3df020b72d3d44b3af9d110fa3940b65,4
3e8bd881d92466e63ba9e3e809cd3c50,4
3f0e48d209018b466fcd3bb4ccfeb520,2
3f2af2670e104d1bcb54022274daeac5,5
3f3486b61f45078d4f31ee5e43d8c5bb,4
3f8034bfc6b8b4135534975d49f04c63,1
3f995f07c49d0d55a99d5c54957f7d81,4
3f9be91358837bff69df67edfa3e42e8,3
3f9c56764fabca627406093dcb3ef0b4,4
3fac58ce0ad699020c7944d53c41329c,4
3fadb4cba4c35bce6a7eaf9872d5623a,3
3faf68a3b0af94b10bac70d86077be49,4
3fd1e727ba94cfe122d165e176ce7967,4
3fefda3299e6dfaea3466ef346a3571a,4
402916f742e5c740cc751493d9cf5053,5
403aa86912527d730337ffcb0fb096ab,3
404e1ba01358af4cd63f679b2c4d1fa1,5
40536e7ca18e1bce252828e5876466cc,1
406740ee611378a662d274c7d8c43c4a,5
406822777a0b9eb5c50e442dd4cd3ec5,4
4091f77d8c768fc3e81c20761471761d,1
40d54b51e962dbe09cabbcfd33298dee,4
40db9e9aa57f7bb151bcda6b0f9bdbb7,1
40ec8ab6cdafbcc4f544da38c67da39a,5
411f3b52d857390502ee4e4d5ceabc2d,3
412a4720f3e9431b4afa1476a1acddbe,4
4170f6a9367e6b5d6401d03ce6d54569,5
41ab63a91b8b264e8c8780368bf1dd5b,4
41b14765bd56c8ad10971074380f9c0c,5
41b39e28db005d9731d9d485a83b4c38,4
41b86b552e54e3a7009596125aa8b167,5
41c2bad7229b0c25e6becf179ebf63ff,5
41da412d33e8da4f22baf55cb1bde82c,5
4200ddf1967c5e41e48db62bc6d4b5ac,4
427165bf50f8ca07efc7bdc2bfcf1688,4
42b729f859728f5079499127a9c2ef37,4
42bde9fef835393bb8a8849cb6b7f245,4
42ef3192a9ff87a22d1867b74b3ee205,5
42fa4ee7240e9b8eb4576358ec142ba7,4
430315b7bb4b6e4b3c978f9dfa9b0558,4
4305fe92735c8a43d154ff6dd2b8d927,3
431050a06a317f2b38168dec3dcd2b46,5
431af27f296bc6519d890aa5a05fdb11,3
4324dd16853115efb0fd9d0d131ba6f4,4
432c37c9dfba871172ec162e20118b8c,3
432c67955c0acd1fd6b0b5d678766a71,1
43402bdf22aa2310e8f99e2f94f78628,3
4342d4b2ba6b161468c63a7e7cfce593,1
4371b634e0efc0e22b09b52907d9d469,4
4391ea5c5990502176a1dcda44a2373d,4
43f8c9950d11ecd03a0304a49e010da6,5
44073f8b7e41514de3b7815dd0237f4f,3
440dd6ab244315c632130ecfb63827b1,4
44ed138eca6214d572ce1d813fb0049b,5
44f091b5abab8018f682fce8124b85e5,1
45213867cefbf2cd4c6177e10216a951,2
4559697a8f7e637227c2eeaed843baff,4
455c5640e8c5bd1b2ee85c0158f85727,5
457fe919b032a3f7dadba6fb92cf7855,5
458d868c9642f55f18f04e951a3fdde6,5
45ba18c210d42734ec52c0c1c574e9ee,3
45d33f715e24d15a6ccf5c17b3a23e3c,4
4677a5437afda5fa7140b927b07be1cc,5
46dc3b2cc0980fb8ec44634e21d2718e,3
46ef1a25845fc051c2998d878354810c,4
4736e9d642ef4257cd7622516931eb51,4
478bfe564db21eeb44386606aa30b650,4
47efca563408aae19bb7206c2d969ea9,3
47f55702f598c7c6cc8458b0fbc1c49a,1
48162d548f5b1b11b9d29d1e01f75a61,3
4830e40640734fc1c52cd21127c341d4,4
483ca627d131e18f988349b1655c0acd,5
48436dade18ac8b2bce089ec2a041202,4
485452467ff670447e84a8370c3fc898,5
4869f7a5dfa277a7dca6462dcf3b52b2,4
48bad451945f5227341793478d6353ea,5
48efc9d94a9834137efd9ea76b065a38,5
48fb026ed7455a42f5d3e9390ed5088e,2
49067458c68f7701fd334ce326accbe0,5
4917cee8d902e13428c3ec4b1ca6f315,4
491a5ada3aa1678414e990262c4bbdc1,1
49383af7ab774e4e8f3000f49c83dc4b,4
4978a02ea9c8be7a9b5480680f40334e,4
4992e76a42cb3aad7a7047e0d3d7e729,4
49cdc90518a4f82676b38b3c1aa43ff6,4
49e7217cfe4e427191c378ec626d8737,4
4a1f694197d05fe70026b016a7316b41,5
4a23adac87cf538689fa600d976f78b2,4
4a3ca9315b744ce9f8e9374361493884,3
4a3ccda38b2129705f3fb522db62ca31,3
4a82168aaef173cbb6e46ae88728f919,5
4a82c4af97ffc0fb2dc26bfdc03b1842,5
4aba391bc3b88717ce08eb11e44937b2,4
4aba6a02a788d3ec81c03137144d9a80,5
4b0fdb526525f9890eb145bf1534640e,3
4b1eaadf791bdbbad8c4a35b65236d52,1
4b39558c138930b9e5489c93b6df5fe3,5
4b5f66b7adcf57f1ecc0d3c07dd6b177,4
4b9750c8ad28220fe6702d4ecb7c898f,4
4ba52dfeba874da5b9ee7b17c7494f04,3
4bde6149c15cf7e177b36fa060dd6de8,5
4be6b962d83299498bae2190f95d6566,4
4bf2f4ee540798a61f9636d12cd9cc80,4
4bfc7a4a1cf8d4d2121c27422d9e50b5,4
4c03b9dd4c11ee2cb35c96c49efc9420,3
4c18691b6037662be2df78a765d98ab5,4
4c1c7281388a33dd06daac44f9fadbd1,5
4c2b230173bb36f9b240f2b8ac11786e,3
4c498c7345e89aebad651544829beca0,4
4c60877808f4318ef1107fbeb8f89afa,5
4c61e37f664c3c88aff092aa5ac779d7,5
4c8b8048e33af2bf94f2eb547746a916,2
4cf490a58259286ada5ba8525ba9e84a,3
4d0041cdbe51b4617d95c70b19decc74,4
4d600e08ecbe08258c79e536c5a42fee,3
4d6d651bd7684af3fffabd5f08d12e5a,3
4da0e408c99d2fdc2126dc9fce518060,4
4dab98ca6cd6d3df586203cefd28a042,5
4dc646b9b9e8e411ef48ba000ea3ac6f,4
4de6e4ba574aa9dfdc824bc44dc47fdd,3
4deebb3199eeafb282ae33229144f94b,5
4e06067cc08b3f41d837768d392c3ee3,4
4e0d109ccfba9a1151c103049880c857,1
4e17c65a516f69d023a2ae78b84f28d6,4
4e5725ba188db8252977a4f0227bd462,4
4e7c18b98d84e05cbae3ff0ff03846c2,4
4e8dacf3d38f281ae26c3e0321d92d88,1
4e922959ae960d389249c378d1c939f5,4
4ea2f12dbe91deeacd2c1e74f069a6e6,4
4ebdc7e6cd6102a022dadc49156d4ea8,3
4ef4c39cf3c24f326434cf0b2e48046a,1
4f0d637c1197fd65405ebd755ac9f86b,5
503c1de08ae81a2d86f17951b204db55,4
5058e8c1e82653974541e83690655b4a,2
5075aaa8404020ae6aa8bf4792099b41,3
50770d25768b0486d89be26afca3108f,5
508808d438fe2ff972ed13bb8f4a82e2,4
50bf89f1349bc0409a268c3a49678009,5
50c9975695009e5e6473912e83a6d1da,3
51209b446b2073894bdc0face6c73ffc,1
512d298ac2a96d1931b6bd30aa21f61d,3
5145090ab595c0d0b8557199f5701fbf,4
5151aea44289d6c6b090ee31c2132508,1
515d781150feed28a6ac091bb0e3cb8c,4
5160d23075764e18e07c1f4a87fad743,4
516e7738bd8f735ac19a010ee5450d8d,4
51702dc2a3e106c76dbff722b5bf0726,4
51e4e89242cbb846c2deff3dc015650e,3
51ed72984a04e5dd35c2b27e77179038,4
52092ddbd3a58c450a4459bf051b2287,5
520b493b57809f446cb0a233bb3e25c7,4
522620dcb18a6b31cd7bdf73665113a9,3
5236605f4d4b0b3e4df85b850393fca0,5
52562a9f449c3dc3d53f5f5b9ed74903,5
525e75a6fb1454a2325ab1734bcec221,3
5275ca25d0358ca73864e0ae41be1320,4
527801b552d0077ffd170872eb49683b,4
52831e5990d0771cb4951d6f12928167,3
528bcf6680c36dddf07620bd35b33a6f,5
52a52b9f656520e99716f5bc40f661c8,3
52d76513f0c4d97f3b99570e2c94ee31,3
52f0fe436a347ddad7ed5f9aa4e27eaa,2
52f976b17ea7f2f087f56dcc419328f6,5
52f9db5cfb423382a2fa5c9e39303202,5
530ec6109d11eaaf87999465c6afee01,4
53243585a1d6dc2643021fd1853d8905,4
5343d0649eca2a983820bfe93fc4d17e,3
534a01cc6df1e034e05c32028a291fa2,4
537eb890efff034a88679788b647c564,4
53b0300ca793f9834cd69c0678d35ee8,5
53d00c40e32aeb924a84ce72b1af869d,4
53e4c6e0f4312d4d2107a8c9cddf45cd,4
54065e9aef7e9e9c2dc23b7594db021a,5
54219883e72aad869adfb2a54b7bfa0f,2
542917da124346b47ea1ac79a93ce454,4
54965bbe3e4f07ae045b90b0b8541f52,3
54a1852d1b8f10312c55e906355666ee,4
54c04bdb5ec46762f8f08c7e8f86ed4a,4
55029529919c0123526150bd26ca8f20,5
553a440137d6e0cf776aee0bb83ac9f5,1
5566627eab3fe93fd6ee08798226101a,5
556a6409838156ea299c9d1f9e2dde43,5
557f22c76691849db52d2abccf0015d0,2
559d56f3b8f0bc2e5a9a62fe2ce2a39f,1
55a5b51f93f2b70ea513f5a047b0262a,4
55bb6fe5bebe5012e2d7d9928e1128ff,4
55c26bcb609f480eb7868594245febb5,5
55d3daac7c404d59e51c2aa2f4dc5a23,3
55dedd83e501d8248880557d9073cbfd,5
55f7a3319d80f7fdf078b8f03e6725fe,2
562f8cfc51f265411f487d07e9c40e7f,4
562fc2f2c2863ab7e79a9e4388a58a14,4
5656537e588803a555b8eb41f07a944b,4
56642bcb79900e777d68e91915cb4267,4
5670f4db5b62c43d542e1b2d56b0cf7c,2
5721089ba9214e80074f27d5a03fc0eb,5
5733d806668f8712c24b9abaefbfa642,5
575df70bde3f9f2b30bf8d2e9910d725,3
578fa3a9cb6b6dceab39231ad59cdaca,5
579891617139df7d8671d373f0669622,5
57c764b4a836300be881e2ff86e449f9,3
57d2ba47f7a3209aa347532ae75c1165,5
57e632711dec9ec14ca7546769483e7e,4
582d4f8675b945722eda7c0cb61ba4c7,4
5882820ef11c4c068eea0677a7a879b4,4
58c851d1a3c7cd3da329eb59453fed44,5
58e4b302b54937e55a678c4d15111da4,1
58f1a6197ed863543e0136bdedb3fce2,4
59417c56835dd8e2e72f91f809cd4092,5
594f9aaa48e5bf431f011ddc5669b0d5,4
5962468f885ea01a1b6a97a218797b0a,4
596849622429351f47b32e6cae1055ff,4
59b22a78efb79a4797979612b885db36,4
59cd88080b93f3c18508673122d26169,4
59cea8e446d3834393058e7e0666b6fb,5
59fb871bf6f4522a87ba567b42dafecf,4
5a05a16bb50629ee31afab8a6d4c2674,4
5a32c398a06c345440bf2a683b017ad3,3
5a413ade68e8f8d93071a7f52a64cb9e,4
5a4236931428800e9d9cc04af0987118,5
5a6a02f419701fc8c605af71d4fc57a4,5
5a8e7d5003a1f221f9e1d6e411de7c23,4
5a93f3ab0ef4c84ed5e1b5dbf23978bc,4
5aaa890629f83706d8d9bfecd8377c1c,1
5ab05b6d86d417796c69ffd6774ec832,1
5acd070dd3fe441bbb2ec1f1ede515ee,1
5b07547f10dd980738a1a27f685af669,5
5b0cc932433fa5184b5b94bfe6bcc256,5
5b179e9e8cc7ab6fd113a46ca584da81,3
5b2e94f2c22b39ccc24d34ad0f669672,5
5b35136197710e16ac5e7b7c2bd4ea85,4
5b51032eddd242adc84c38acab88f23d,4
5b581417df4480f632484ba681e53944,5
5b664594895aefb418afaee6d40a9a23,4
5b67882648febfb6e1225e6ad7164f6b,4
5b8154610ebb21fb90eb587365e673df,4
5b85809efd0d0e4dea1a9544e1280ed9,4
5b925e1d006e9476d738aa200751b73b,4
5b97c06a046398e7005b2b7c0d707a92,3
5bc237df65098fe211bb4818f4d26d78,5
5bc24d989e71e93c33e50a7782431b0e,3
5bc55dbe2f12b6af6d83ed46023e0dc8,2
5bf397d04035b5f45cc41e82ec106803,4
5bffbafbb22daf6d3bfc216a46db8708,4
5c030029b5916fed0986310385ec9009,5
5c243662ce92d84573bfaff24c3e3700,4
5c6d4016c2a288f074fa0848a2b653d2,3
5c853bb56f70f4d14218944bae111d7a,4
5cbbd5a299cab112b7bf23862255e43e,3
5cf13accae3222c70a9cac40818ae839,4
5cf1ec37aea089f45110c70653a166ab,5
5d0363b33554b373851fc1622e4d5f3c,4
5d378b73ab7dd6f0418d743e5dcb0bd1,4
5d3bb11474a06bdc23fb9e89f1164ee0,5
5d505d2298ad549e4e4e835562fa0c1e,5
5d9dc90a686a8fddacffab6bab5653a3,2
5dceca129747e92ff8ef7a997dc4f8ca,4
5debea795b07621e1f90532e18f96145,3
5def4c3732941a971cba8fdee992ede1,4
5e063e85d44b0f5c3e6ec3131103a57e,5
5e105f5c9f63f5f1fd75d6cb942e55b1,4
5e25c632f9db6cfb8bc100421c2737b6,5
5e49e3a44bdeb5aab2684258bbd4f525,5
5ee7fd217d08dfe5d3e2f51f96a12c9a,2
5eeb9c756d9780b96283e5a2ac6da334,5
5ef131ac72773e5b3f6c0d63cf424657,2
5f0057b677eb963672bf05dfa3f16c34,1
5f06030071324cc52bf0304014ac7234,2
5f1dc28029d2c244352a68107ec2b542,4
5f2684dab12e59f83bef73ae57724e45,3
5f26c1408a65b42a7224cd463bdf3292,5
5f3ae9136c875522250f8184f253413a,5
5f5b43b2bffa8656e4bc6efeb13cc649,4
5f67c6082caacb26e431a7b17940cece,3
5f7300535881cef3b625fd683cf7d145,5
602044f2c16190c2c6e45eb35c2e21cb,3
6039e27294dc75811c0d8a39069f52c0,3
60562ab00b8054280520d390c8c0045c,4
6061155addc1e54b4cfb51c1c2a32ad8,4
606ce7768feac12c5e8bd58db8b08f0f,5
609e1a9a6c2539919b8205cf7c4e6ff0,3
610f72e407cdd7caaa2f8167b0163fd8,3
612170e34b97004b3ba37eae81836b4c,4
615005a3ef192c00c6f0e977cee3d2bc,4
61c36f0fc4a47f9532e5512b66668e62,1
620c87c171fb2a6dd6e8bb4dec959fc6,4
6219ba2359cfb97f2e38fd4c321eb309,4
6235903333ba7de1928c869e268e5964,5
624f4ece8da4aafb77699233d480f8ef,4
626ab1cd96932367f0eeec2e47046c12,4
62760d278921b5f352461620d68a9cee,1
6288c69c4ce638e59925e59193f98b16,2
62c50c1af4dfdc4149d25c5222043d39,2
6338ea67c41078a46ad99cc009654956,4
634964b17796e64304cadf1ad3050fb7,3
638cba8be1fb599bbb76fd6948351eb3,4
63a79f5a7eb5cb48a7e5787b141c7993,4
63b464dbf392c7b80d12d932fa7cafed,3
63bc58679c44e8a998792119fd7ad23e,1
63ffcb71394dd8ea3872ed9ffda17c74,3
640e21a7d01df7614a3b4923e990d40c,4
6426d21aca402a131fc0a5d0960a3c90,3
643214e62b870443ccbe55ab29a4dccf,4
6481e96574816ead57975da2c0f6d80d,4
64b87978a11c1ea7501a89eabe8c2c1a,2
64cc804291f90c81f02bfc2bb58ff55a,5
6548c2550b6e2d8f18053216e1c7b6f3,5
655220df33262c7e0c4949a147366f94,5
6560211a19b47992c3666cc44a7e94c0,3
6561d6bf844e464b4019442692b40e02,5
656591be56071d4c9ef4e5fee78a578a,4
6576fd3e23c88f0e5d4d23f39bba0542,1
657969cca82e884d272385ec0ef06edd,4
659e8466eb3ff1b0e8740d74fb7bbedd,4
65b081a070633e057c462abdd6fb9dd8,4
65c255b299faf2d12050937cc219c46c,5
65febd49fd28ec955651299159b1f527,3
6601ee6383e7f452be71929f8de48bbb,4
66922902710d126a0e7d26b0e3805106,4
669ae81880e08f269a64487cfb287169,4
66dc1b1632bd6a3e508510c5b3492107,3
66e0557ecc2b4dbea057e93f215f68d8,4
66fd84ee7528c0c0de85d0f44a73d5ab,4
670a9dda115b5a88b18cfadee8de2332,4
670c26e0f1bf8d0576271d5cfaec6d2b,4
671585f5a2af58b6e276bc01003c0d2b,4
67225bff54a172ff67579aaf583efd78,3
674207551483fec113276b67b0d871ff,5
6750d71153f00fc58829af2a8ef1bcf1,3
67883baaae6134ee81b271a542613728,3
679769a98cfcc6da877c8486ff1c13f3,3
67bf6941ba2f1fa1d02c375766bc3e53,2
6806dad1da97bfb5a9038eac6881f706,4
681fce914360217db47784ae28905a96,5
6824a69c9ea0313eba299dd4a2dba09a,5
6860153b69cc696d5dcfe1cdaaafcf62,4
6861de0f40cacb0602e473c51639f980,1
686886775c8f6b1191c7b953fb52708c,5
6879c4d287a8dd06b11f54ea8f78e4da,5
688756f717c462a206ad854c5027a64a,3
68f86ba270525243e68ae74044f992b9,4
6902157ee16728322d61a1321fa79e58,1
6973a06f484aacf400ece213dbf3d946,4
6989574bd97d9773f10d232b6c07da59,5
6a0cbc8af2e8abd1bdfb777943d174c6,3
6a38087bc8ad4f89ff453561005f6dea,4
6a51fc556dab5f766ced6fbc860bc613,4
6a8a889bde935bafa76d7848782dfaf9,4
6a8b085f816a1f75f92dbac6eb545f8f,4
6aa3928696eab49a19a466e665a649fd,5
6b15924333bd1a741595fe981ea04822,5
6b243f80ed07b10f0e8aa0f21a205f3c,4
6b2612338467c08c9b25f0cc55b1578d,4
6b333a05bf188ef3e1f1662a86bd9855,4
6b3bd31ad8fcda4b2635ec9f3ff2ecdf,3
6b536a23086fba0d58c08d68814397f6,5
6b803197e03abd5056b4313306b4f29d,5
6b89abe95848c850399130d149a39b63,3
6b90f847357d8981edd79a1eb1bf0acb,4
6b9b80d53ba3676eafe60268a810b5a1,4
6bb0724edf0b62fb91ac404873a97241,5
6bb66d9870c2e01c05655c7ed0e7ee13,5
6bbcb8924baf70b7fe2fe2097e8cd407,4
6bcb2352a2a0c38b845f598298ab9d26,3
6bd503a8230299c9316fb0f726933927,4
6bef34c5be6f2bbd70aa5165f6df94b1,1
6c12e40690c335dbc2f68a4134d30dc1,4
6c177e38df6d3f34182b1f1d427231bf,4
6c17baf138731a4aaacc3210adf2037b,5
6c1b6d0c604b776f844125f911eb7377,5
6c7d50c24b3ccd2fd83b44d8bb34e073,4
6cd68b3ed6d59aaa9fece558ad360c0a,4
6cf476a4ca74498db55cbccdaa9dcfb6,1
6d22a1fcebb6dd08c9cd90b92a93e8d0,5
6d66611d7c44cc30ce351abc49a68421,3
6d803cb79cc31c41c4c789a75933b3c7,4
6d988d6174a2c27441597174f8905515,4
6dd7dce75cd55c1ce255dc38d9f0cd46,4
6ddc28b61be28373b4503a1f61cf98a9,3
6df688df543f90e9b38f4319e75a9d88,4
6e0908ef4d4efadbc3cc2b74ea477cb0,3
6e13dd869aa7185f601c941423abcc8f,5
6e1862e15f33d9994bc25922a85e1efc,5
6e2d3e2dc84fb30f6078f39dd3bddd6f,1
6e386f64c84e482f0b9abf960797ee1b,5
6e4a902d1054e4e17aa6eab87fac1c75,4
6e4f5ff6b086632ba8dcb558fb10249e,1
6e864f5c4669eff3d98140a07cc50202,5
6ec1a01e866584bb679eb9b098345919,4
6edacfd9f9074789dad6d62ba7950b9c,4
6ee85be3693ed79a8e80718743d80655,1
6f229cc508fc6915ed5c499efd93baa4,5
6f83d9e4da896daae20b9b6b2d3ff8d2,4
6f892e20a171e98efe17fdb971ff319b,2
6fa9202c10491e472dffd59a3e82b2a3,5
6fc26fe110feebd80a433e1f012a84f9,4
6fd52c528dcb38be2eea044946b811f8,2
7008613ea464bad5cb9b83456e1e6a8f,4
70125af26c2d6d4ef401a1d02ae7701f,4
70126eecc6aa1274392a1743866e9678,5
701938c450705b8ae65fc923b70f35c7,4
7040e82f899a04d1b434b795a43b4617,3
70849ca4f400aaabb62cb7462a6f1428,4
709e16e2b25c7474d980076c6bfc4806,4
70a12e78e608ac31179aea7f8422044b,4
70b52a4cfc823994561b00bad161b4ed,4
70bf57d811208f8923b41bbd499a67a4,3
70c27847eca8195c983ed7e798c56743,4
70ee69419916dc13e3aed619061f996c,3
70eea00b476a314817cefde4aad4f89a,4
70f7e8018e3d46c748c92f026aa2585a,5
70f84699be677ec988d1fa824aef7d90,5
71039d19d4303bf9054d69e9a9236699,3
710e3548e02bc1d2831dfc4f1b5b14d4,3
71271995e85f5b8530be99ed54a91b89,5
712e6ed8aa4aa1fa65dab41fed5737e4,3
7139dc5186aa238b006e066d8fbab2e4,5
713e3a23ca5e47786eb6f0d99f94cfac,4
7142540dd4c91e2237acb7e911c4eba2,3
714b9a1332840f257b49f476bea4e341,5
71592660bbcb6a4664e97b6f8b68babc,4
715bbd5ba4e6b74cb0d2f29eb45058b0,4
7178f9f4dd81dcef02f62acdf8151e01,4
717b78b0950b51ed00b1471d858b0edc,5
718539d38d07dd351c76db862760e2e2,4
7202e2ba20579a9bd1acb29e61fe71f6,4
720e6cf846ea7572cbb66b743fb91e6c,5
7210cd29727d674c00741e5e387b3ccd,5
72146da5774cabf2632faedcae097a76,1
7238a95bb63ef7e498389fb863b834a1,4
723cd880edaacdb998898b67c8f9da30,1
72431a818f97fe6ab9c81eee3e297e54,5
725af026f869236a8dd0ceb98564d156,1
725c32fa80c2faacc4fc88450d27314e,4
7299e27ed73d2ad986de7f7c77d919fa,4
729b2d09b2a0bdab221076327f13d050,4
729f06993dac8e860d4f02d7088ca48a,3
72bc2cce903c872fe376a8faaa81d237,4
72c38a04bd6a1c3dbc5298425a0db86d,5
72c5da29406b4234927b81855e7b64f6,3
730937bf88cb151eb2eb849f642fc213,4
7315baebc0572ff220d226283dc66728,5
731ef20c231d9a7103a425e83fd91271,3
7354220fb240bde543b3c40c060d41e7,5
7357b52d27cbaa90f81a96cbc1279396,3
73a63f72308aa20a46f4b1632018f196,4
73b8eb4a9a729d4019b24ed1be748cbf,4
744dac408745240a2c2528fb1b6028f3,4
747e73c01a4593d4cf60dcf970fd2689,4
74bafed391319577bce6f4d2acc0589a,2
750303a20e9c56b2a6bc45cdce0b897d,4
751bdc4d83a466c7206cd42e8f426b03,3
7586919161935337bf6b6d7ff5779648,5
75d34ebb1bd0bd7dde40dd507b8169c3,4
75fbb52eda0cbc24f479d3b2fbfa8d3e,4
761681a821d8275bc79f552116d06869,5
7681ef142fd2c19048da7430856b5588,3
76833248bbc0e65a0293ec62023e4396,5
768a86e36ad6aae3d03ee3c6433d61df,4
768de2a4fc06aacecb9a586ccc30746a,3
76c47a299e4a8fe992316a85865acbe9,5
76d336555bb25f3165d2f0d6da719c40,3
76d5af76d0271110f9af36c92573f765,4
76d64c4aca3a7baf218bf93ef7fa768d,4
76de363de16dacc923eec8daf91df504,1
7722b1df1b0e383e000397b2c11e3e19,4
77530e9772f57a62c906e1c21538ab82,3
77714512e8d4dda9c234da8e3faf16e4,3
777a0c55737f34ffeb78010f7542ab41,5
778323240ce2830d68aab11794e00bfb,4
77a515caa36327151d1cc6c32a9f00e1,3
77e4abfd739aed9c46480f90f81c0eb4,4
77fccaae319668a8ab6cd0fd16aec48c,3
7813ea3ebd9411dc600b4dd01f7a97b9,3
782f78b632a43875dd5b53e3e49c9564,3
784ba75dd9d20200c4caed3d7a77141a,4
78744a20ee2f80ba64f6804c25def2b8,1
788e857f317e53de488d393e65a80f45,4
788f22bafdd7ab0e1e79f19db72f16a4,4
78a4d36f65a019172c6154468831a69f,4
78c99c6dff4eeae5be99bf635ed21e3f,4
7901646fdd36a55f564ffaf2dbccaaf7,4
7994081388d55b9cf976c050653dd359,5
7994b065a7ffb14e71c6312cf87b9de2,5
79ebd9a61bac3eaf882805ed4ecfa12a,3
79ed755314cfe6df0daef2c6cd3022cd,4
79ee721b6f766066a80264402548d359,1
7a188843479798ca813108fa7b959286,1
7a241947449cc45dbfda4f9d0798d9d0,3
7a425d299613df3e613bcf9d2eaf5c49,4
7a67c85e85bb2ce8582c35f2203ad736,4
7a91bf945c6fae0779f1c61ce97fe45c,5
7a9c12e235c36247c3c81f50d6ea9cea,5
7aa4334be125fcdd2ba64b3180029f14,4
7aa538dd6e114e503a2e6154ea352253,5
7ad32824caee82087b3e2e5f33b1bf32,4
7ad41305e96a6cab8294cd65891e9a86,5
7ade73f1b9b4e965f9009a4c3a7e2c15,4
7b07b3c7487f0ea825fc6df75abd658b,4
7b0df942f46435babab05d49b744b2c4,3
7b1222c3624aa89b9558b50a2594188c,4
7b3447b497e55af8c15fc7bd89d7b81a,5
7b3f6ce5c6c22e9b96e7581ebf0df6e1,3
7b7f91e98f8c6def45a1407923304402,5
7b98de631987e26dd6d803490c43a13c,4
7bac63f6603d382cc8d0832eb6c100a8,3
7bb8fac2913a6064ec412e583c6d8b4d,5
7bcd7c5f8631701474db233ccf1c094b,3
7c1fea10b5b006671d608b1d7c446ec4,3
7c4618c82226628831613e95e9c22f44,5
7c5b05cbdb5542049f38d90d7815b97d,5
7c67e1448b00f6e969d365cea6b010ab,3
7c9130f5f3729edd32aa059141d92484,3
7cb946b1ad19faebe28c3e86c2794ec3,5
7d13fca15225358621be4086e1eb0964,3
7d456afc660226829370f3173d14520c,4
7d484ca289afaac6bf5fc6a1e96d2226,5
7d76b645482be4a332374e8223836592,4
7d7866a99a8656a42c7ff6352a433410,5
7d7d2b7a51328016102d4528c411d630,4
7daca0837f033a41a6f3428c18657533,4
7dc8c42cc750eeafea6c85712ffee9bf,4
7ddcbb64b5bc1ef36ca8c151f6ec77df,3
7df1fc11cc5cbc518b39faa60cf5d67c,5
7e1fb0a3ebfb01ffb3a7dae98bf3238d,4
7e26c750b4cb9f6766f58265ff9ebe95,4
7e3f87d16fb353f408d467e74fbd8014,4
7e79d65b5c6f1f544b7daea036acf720,5
7e93a43ef30c4f03f38b393420bc753a,4
7ea5bfa6c340f58f8e71fc1f0412b0d6,4
7ecd59e5e20407131822c1a68ac59c1f,4
7ecef8194babfec876ca720714327841,4
7f02656561b680def9986c0795a8a080,1
7f152321c60a266edc53af1925ef96c1,2
7f2617c58d5d06806987308b45654351,4
7f35f9daf223da737b78738fbae4d977,4
7f7b8245c336066a1f9933c359f11d77,4
7fc87cc3e89b3d1d5cabdca32f8485aa,3
7fdb0720c8d7c9075538b365dc8c3a22,4
7fe21dd00d2f4943ae09525efa2fd674,3
7ff588a03c2aeae4fbd23f9ae64b760d,4
800214c63934acd05d47e84214db8ba8,5
8060d731897e33b5c5ae575ce1e209e1,5
808d4348b916efa08e766ebad39f61eb,5
8090490573c6c0aa343a7231ebcb8c86,4
80e6699fe29150b372a0c8a1ebf7dcc8,4
80f2cf9abf6b5a0e5c612b5eea6646e6,3
8132b9bd16876e1b0f8808d43825dd48,1
813348c996469b40f2e028d5429d3495,4
81336a0f57a33776419727a300249e90,3
8160255418d5aaa7dbdc9f4c64ebda44,3
817245bcc3badd82bbd222e0366951a6,2
81783131d2a97c8d44d406a4be81b5d9,2
817f85dbb65aa3e70831d90fe75cdf89,3
818d28f936e791926d33bcb6ee94ef79,4
81a1104df0f08b59c68aa5b03cfe398e,4
81f89e42267213cb94da7ddc301651da,4
820c7c9eaf76d2b226b6c242bcf3f34d,4
820cc752a266cdc6c1a1e61dd4583330,5
821fb029fc6e495ca4f08a35d51e53a5,3
822166ed1e47908f7cfb49946d03c726,4
822b63912576852aea9a8436d72317b7,4
822bad9bc42b51213ba522fe87b7ab5d,3
827f8f69dfa529c561901c4f2e0f332f,3
82bd0703a4aefd6b599e5bfdaed378fb,2
82cb9f452fe8334df74b22d37824b431,4
82e0a475a88cc9595229d8029273f045,4
830379336fad8c6f3b15a4a3ddb5c66e,4
83353a83fd769dfafa4f21a72b15e3e5,5
834f3294fba9f932f56edc879193f925,4
834f8533b2ecb6598dd004ff3de7203a,3
835f0f7810c76831d6c7d24c7a646d4d,3
83645b1645cdee8953ee54c29ceed564,5
8378eb36b6b70c5734e83ad7b8cdc3b7,4
83a75eea11694e36e56dd0cb2240229a,5
83c465a786b06574376909b35ef6752a,5
83d458c0d6d4f94295d63f091460bd60,5
83deb69e889cf80f82be1dc6d5f2d486,3
83e197e95a1bbabc8c75e883ed016c47,5
83f2b4881141ce3fcd4e985125d3279e,5
8444e55c1f13cd5c179851e5ca5ebd00,2
845e8036c3f7bf62099352f5ed910240,4
8476243f92442881ddd5b578975cf115,3
85044848b1b767db2a4a58526adef4b4,2
850913d59ce317156b00f3705f1c3edb,5
850f4f8af5ea87287ac68de36e29107f,4
851773c885feb5e2da3b4f82bc2b17ce,4
855668e0971d4dfd7bef1b6a4133b41b,3
8581055ce74af1daba164fdbd55a40de,4
85cc55e048b6bcc90c75afe7f0e72f72,4
85d9eb9ddc5d00ca9336a2219c97bb13,4
8602a61d680a10a82cceeeda0d99ea3d,4
8603f0038fe0e52fedd3382d266723de,1
8629c241b3622ac12cd4118afdc8d394,3
863d2ebcd347ce4922de7a0f9a5581d6,3
8648b1e89e9b349e32d3741b30ec737e,3
866558b3bccef2dbc6d29a2b5995016f,5
86bb7c4b535e49a541baf3266b1c95b1,4
86ccac0b835037332a596a33b6949ee1,3
86ff3eaef0267069cc891a2ed9d10a17,5
870d0118f7a9d85960f29ad89d5d989a,4
87142160b41353c4e5fca2360caf6f92,4
876182d1918783bbe15233febfbd4926,3
87b740daf17b5d1be335a64164ec6842,5
87d3c3aeb3ead335511b3ce315eb341e,5
87d73636a3acf123e842bb890a4db036,5
87e24fc7052259b1f7f607d61c10d8be,4
87f3e35268860433e13d577825aada95,1
883dd81e82754ac2c65e9790a7db8c9a,5
88460e8ebdecbfecb5f9601833981930,3
888faa8bfb0b159c37de6d898b961c31,2
889009a0ed0bb52c87819941192931b8,4
88cf19ec1fc2c58f161aee259d57142c,4
891071be6ba827b591264c90c2ae8a63,4
8931a84a914b3fe9b1ddaa4d704947ca,3
897060da8b9a21f655304d50fd935913,3
89757206b887aed36f3e18d858460fea,5
89a51f50b8095ea78d5768f34c13a76f,4
89bc797e2e29667aa035d4368f9b7f92,3
89c127985a8b130cfa45c1d36764017a,2
89dda63a3c907c468ec88c310ed91213,5
89de2d6f23e9746ff309705b23581faa,5
89f69225956f951295ca4c7fb1266553,4
8a130737016f838139d31878787a39c9,4
8a1ff5c35f6595a73fef4c7b96e4908a,5
8a2d12a90e92f012ce5226fc6592b653,4
8a32e327fe2c1b3511609d81aaf9f042,3
8a40ae794fa3f9892cee24bd5af0488b,2
8a43128d7f9a3db592b866e6861a6cce,5
8a432f4e5b471f8da497d7dc517666e2,4
8a87611c08849ffeeccab52aa798b6c7,5
8a8835a43bda99fd37310ad76c457510,4
8a9260f2b0340411d6d2a56bcf4f7378,4
8ab42aa58097fd4668d60cc648225d5f,4
8ae520247981aa06bc94abddf5f46d34,4
8b181ee5518df84f18f4e1a43fe07923,5
8b2492b7ff4468839593fafeed55bad9,2
8b28d096634035667e8263d57ba3368c,3
8b2d4ab22f42c5cfc338b846decfda60,5
8b321bb669392f5163d04c59e235e066,3
8b87cd0d43d49b9bdf40f56229364d59,3
8b8cfc8305aa441e4239358c9f6f2485,5
8b9d6eec4a7eb7d0f9d579ce0b38324d,3
8bb48dc19fccaa8613b6229bf7f452a2,4
8bd0f31cf0a614c658f6763bd02dea69,3
8bdd8e3fd58bafa48af76b2c5fd71974,3
8c0de775f52fe41590b376a3b7c50f68,3
8c16d1f32a54d92897cc437244442e1b,3
8c351ed7c326c62123318f4f3246e906,5
8c3b533c63cca56240f94f1e3a6b18ef,1
8c5e007d7bd5693fa1386ffefbc99f6c,4
8c9348f33ae3dada25c99c99ade2af78,5
8ca1551acf9832a4cf467bbbac15851f,5
8ca5b19e0263150d2c57afdde2b3d011,5
8cbac7e12637ed9cffa18c7875207478,4
8cc6a0e5738e61a87b03c78b2ba9db4b,4
8ccf3cf69651cc1d8a02c8bfaf3b8568,4
8d46553a36e68f95350a200c12f8f2e2,5
8d79c8a04e42d722a75097ce5cbcf2ef,4
8d899e15a5925f097cca50faa49b15e3,1
8d92f3ea807b89465643c219455e7369,1
8d956fec2e4337affcb520f56fd8cbfd,4
8daab2245ebdc277c51098d01c5ad8ef,5
8def3db7f272735afb2ecd03aeca09a7,5
8dfbc5ff27df12f6cef751d3b9554222,4
8e29d051f810eb22959ede205b462b9f,4
8e2b3afb420011ef0c88c9d5f11ea526,5
8e34331b7eedd03be4e5d965c1956225,4
8e6cc767478edae941d9bd9eb778d77a,4
8e6d7754bc7e0f22c96d255ebda59eba,4
8e8a7ce9f2f970dc00e2acf6f6e199f6,3
8ec76bb0965af3f007692b26fa9d6623,5
8ed8ea9a57c862f2c18c2fe41f601d56,5
8f0fbe2cd4d472157dc1cdef6edecaa9,1
8f119a0aee85c0c8fc534629734e94fd,4
8f2b51a30523cdecddc2f179f351c7d6,4
8f2ce03f928b567e3d56181ae20ae952,3
8f54d64f28a993550aa7943f12572959,1
8f580d36c1e9d6fbce95283403c7d447,5
8f78f0903005064036736c7173a5c2ed,4
8fb791022c1fc8909664f48ab7dc636d,5
8fbd63429be6d3e5e6d1a709b6464802,5
8fdca8e349553f99bc738833a62c8802,4
8fe8786ee000001ab51d030dfd4a7bf1,5
8ff1a9df749e454105c55cda13e79143,4
8ff38bc3969e67c36c48343a07090f66,1
8fff28c4263ddec387f28d237fb42773,1
900ba814c251a692506d7834c1218441,4
901b460cdce0c64e471230d7f2f9f3a3,5
903037660cf848a717166eb7a06d616e,3
90b36c5aeb728d5504a39f435bef0c5f,5
9140ef75cc8211c4035935e80e567204,5
91543f9849d68d023e17194926598543,5
916748bc99315c2d202898ae58b1617e,4
916c9de0b5ad957346eeeb12f332687e,4
918f6fbcf3ab724d805867303e593a1b,5
9198786624eaeb375793215cad26cfa6,3
91f0eec23d4a61d7d7caeefa3f0ad1ca,2
91f5779a8731baca4809fdeade81803f,4
91f848e9f4be368f4318775aac733370,3
9200e6ce317b67196b6b0bad4d4bd567,3
921323538c9f1c4e816f2720eac02bea,3
92c8bc6e8f925792247656fed09aad65,1
92d14edfb62ee5ae7fdff70b0f4e7233,1
92eb0f42c21942b6552362b9b114707d,3
9315e491484b1b0081ca166fc164108d,3
939e6227d6964a11a70aa91243e418f2,4
939f6e231201f26803cb5c3a3d2940b3,5
93b9a99027bd8bd6af682aff18dd19bf,3
93dc87703c046b603023e75222018b45,4
94144541854e298c2d976cb893b81343,4
941554c5757b73ba0e50aa7732310afc,5
9449f25aeaf531019b76999ea49a6949,5
9485a23c0430ba1d58d359391606fce6,4
94b9108d4b637ba65bb4f1e53cfcf8d8,5
94c49f20a123aeb9360dbf80ff912bf6,1
94ca168e8bcb407ab85c5da308863027,5
94e93ce877be27a515118dbfd2c2be41,3
951e8cef368f09bb3f3d03c00ca4702c,3
9539213aa8e023c01937bef95dc006da,5
954e95f20808d7e5d11f0de292d078e0,5
9558aa23f77a9e0a0eca83540999f43b,1
955fee9216a65b617aa5c0531780ce60,4
9596c870880d900012f2e8e6e30d06d7,3
95b293867b5862941c9cd74f756a3c68,5
95e03ca3d4146e4011985981aeb959b9,3
95ec4458365c4d11f452ccf538377619,3
95f83f51203c626648c875dd41874c7f,3
960945e1a9535cbc0cd6ddd35fbe7ae8,4
9616352088dcf83a7c06637f4ebf1c80,4
9646c3513289980f17226a2fc4720dbd,4
96493fab2fbb13a14d0c0e8772eef5c3,3
966cb4760537b1404caedd472cc610a5,4
9674754b5a0cb32b638cec001178f799,3
96804ea39d96eb908e7c3afdb671bb9e,3
968268a686aa05d1f529fb07dff08130,3
972d0f9cf61b499a4812cf0bfa3ad3c4,3
973f21788dfab357250f69a8dcb7ddee,2
974cf2cb8f4b7add98709c30df02fe10,4
97512d3fc193b2d1dfcdba0f9d1f0f8a,3
977f9f63dd360c2a32ece2f93ad6d306,3
979e9f8b5b39dd243a2550c8b05aecf0,5
97e4a63591ca439a2b8b7efd20e6e19e,4
9803a40e82e45418ab7fb84091af5231,1
985c92cc412091f8529c12d7f23d3fef,5
989becdce12ebc39863c2bceab6f3ca1,4
98dac6635aee4995d501a3972e047414,3
99002261c568a84cce14d43fcffb43ea,3
9906e7aa42a3c067b7c9a564d01c4320,3
994f04b3718c2bab35c2adfa8afecd2a,3
99a54764c341d5dc80b4a8fac4eba3fb,3
99cd94252748d2bdde08e17858233602,4
99eaacc9e6046db1c82b163c5f84869f,4
9a03a4e9eb0b947652fae4f6121a3f5e,5
9a1aea68d3efa00862ec88c0768037d0,5
9a208dee8f95cfdf00760c4d627828ec,1
9a84ba99f5367fdbd4598363496f1ea2,1
9aa388272ee334b6ae07bc73706e254a,5
9ac4f14370b1e24ddc58be041b7f99df,4
9add47bf45ce8e8c7db6b9cf670b1e09,3
9b00ed88b7fdb95d6ff76e27c1b52d16,5
9b013e03b2ab786505a1d3b5c0756754,3
9b522ba7eae9e1d04082f267144583cc,5
9bade61a92bed55a25d2b67b9f4ed739,1
9baf5cb77970f539089d09a38bcec5c3,4
9bc484c87d79cd4874e05ca182658045,5
9bcdfa7b615b3abb9461d9e3ad9886ae,4
9c068d10aca38e85c50202e17b4a7e88,4
9c0e69c7bf2619675bbadf47b43f655a,4
9c1c0c36cd23c20897e473901a8fb149,5
9c3c24eca51c52b91c1de727d2a2ae06,4
9c690ceacd5c66731bf443ea810195cb,5
9cad4b68bb993ee401a3c5aaa2bc26dd,2
9cea4682e16655f7da87f406902e989e,5
9cf787a239c1aa29dbd76f153dc13f9a,4
9d39404483343dd55c7ae254494d8388,3
9d489893ff6af05029671b785f54b998,4
9d4db00d65d7760644ac0c14edb5fd86,4
9d5604a1f112324ad6b2aa552122e0fb,5
9d5a9018aee56acb367ba9c3f05d1d6a,4
9d681c7e12db302cb261e721040dde65,5
9d69ba0a7a626a64dc5db08e529559cf,5
9d7a1d34a5052409006425275ba1c2b4,5
9da1ca0bef29ee170e541927a5aeabdc,5
9dc79dd988ac42f4d56c340d7048420a,4
9dd59e43f0c9f0553244e8f9c2fb247e,5
9dda5bbacd45e18d6485fee649205d09,4
9de4643a8dbde634fe55621059d92273,4
9df5750209b83567ec144eb299d7d634,4
9e6229250fedbe05838fef417b74e7fb,3
9e6967d3cf386d284251784b18ccb485,3
9e7c5f4d7770eab65738cca38f9efccf,3
9ed65337433adfbedefd23dd76eaa494,5
9ef932e837d8b7f392c0bfee9d359dc2,3
9f50216bfd01913736a55a11b55ea842,5
9f505651f4a6abe901a56cdc21508025,4
9f56a7a649097b166d8ed286ad86a15c,1
9fc70243fb26800cba56e8f014797004,4
a0415d9b25ede3c4b1e477e9916ffc03,5
a066df7361163e7ddc5d7452dd17448b,5
a06c8ff043abea0528ee44171e2140a2,4
a080fc8a850289b27500f6b49cca2553,5
a08692680c77d30a0b4280da5df01c5a,5
a09a13f18ed27932d08438aa6f12756e,3
a0a14e50070f3225b3eabba5b85da517,5
a0d7fbb07bb5ebc3b05980e750db56f3,1
a1040efe9ff4a6f93c28b0499eada8f5,5
a1043bafd471dff536d0c462352beb48,4
a11a0e0ca67423425691db355cff69b0,5
a13580f0e8f782b7a543885a0ef99f08,5
a13aaf2d2886ab9fb30fb9a920160b8f,5
a1474fd46fd3430168f7ec202da39408,4
a1544b9ea0b2390e020537d4daa89049,4
a17f621c590ea0fab3d5d883e1630ec6,3
a1bea7061f61f6fdd9a85a6325ba1033,4
a213f1bd6458f4a158f3746cb2514559,5
a218df5c097b0ca409cfaac1488cc7f6,4
a21c11ec5c3f03e7cc9f9203bff9e1c6,1
a23266650e7c84bb93fbbba502137478,4
a254c682cc01e119f83530446f1df9a9,1
a2a41aedb70551d4a85aa04dc2fced48,5
a2b5b6105ea5942300631d2e76f4ffe0,4
a2deecd5398f5df4987110c80a1972a3,4
a2e874074c877c5a05abae80ad6e488f,4
a2fa0bdc798ee84cdb08281337cf4fb6,5
a35ef466c6fd6d052f5d241240d3c5e2,4
a369d693961cb93b61ca2cc518872a85,5
a36ac007a4d18f865c8d32c3b2402c2d,4
a36b125ac6d5fdbc7f50de85c9157bdc,4
a37c340b91cb0169e8b029db6440fba2,5
a3a38f4affed601eb87a97788c949667,4
a3b0df0065e264a91b7bbf5f844af5cd,5
a3dd39f583bc80bd8c5901c95878921e,4
a3e9a2c700480d9bb01fba070ba80a0e,4
a3f0b55de503387383c7b1de3ad7f678,5
a414555ce331b8c8aea4a9cb8395194d,3
a416b6a846a11724393025641d4edd5e,4
a420f60ff1aa9acc80d0e42959f2b313,4
a425f92c199eb576938df686728acd20,4
a435b009cd956ea60748b5cfbddf2e24,5
a44fb5a447105f8469bdf16bf9159f25,4
a478c7961d6a992065b24e63b366f90b,5
a49928bcdf77c55c6d6e05e09a9b4ca5,2
a4b6b9b992b46e9ef863637af96e04bc,1
a4bd6e9adf39b63f43dc545d3ca1f53d,5
a4e634166243bbb3a13fa584463fa468,2
a513150f33f99a06569e9cd5c4bb889b,4
a5259c149128e82c9d6d46e0c1c812bb,2
a56e351445e5863fc8960640ba9190c7,4
a5a1bfcf728ab0e19182959cf0771ee4,5
a5bff0f43eb51f0cad7c37fac7244c8a,5
a5cba26a62b8b4d0145b68b841e62e7f,3
a5ff20ff766e7f50bd5066f33da14413,5
a63bfbaa882c8f4542891b4e2246cc7f,1
a64e44665225d19dfc0277eeeaaccc57,5
a673821011d0cec28146ea42f5ab767f,3
a67780aba9dd436e7ac0aa1f889e73ec,4
a6bd7d1ccdac48c6b33b28596b7eb122,1
a6fe7de3d16f6149ffe280349a8535a0,3
a7a9b880c49781da66651ccf4ba9ac38,3
a7c88262832dfc683781d6a421edefae,4
a7dc4098e4da6e41b426269d12ae7e91,1
a7ecf689b40a44361e259b28939023e4,5
a7f13822ceb966b076af67121f87b063,3
a806a4bb063ea7ca6d374eafa50a6058,5
a8739afb32aaa45e01815ca76f76f54b,3
a888faf2d1baececa6baf9c3d603ee1f,4
a89e143d5211473ae18db9577ee34b64,5
a90a5da8b09e44264a177c0374a5ac87,5
a938325a4b357fd23a6a4d5bb126408e,4
aa762680c40618316a896838866140ea,4
aac29b1b99776be73c3049939652091d,3
aac51c486b672a9850d59f3e84b1cf88,5
aae3bfea055532c57fb453ed3ec80b30,3
aae5953b9edddf14749c0d65d60eb4b9,5
aaed1309374718fdd995ee4c58c9dfcd,4
aafe36600ce604f205b86b5084d3d767,4
ab9db4cf53b08b828b64dccaafc2d9f0,5
aba1721a889e04decc910aa13b768ef4,4
abbf6046bbdf1028606a5bc7f00c99e7,5
abc015ebac1d283a323ca9db35ede4b9,4
abcd2cb37d46c2c8fb1bf071c859fc5b,3
abe42c5d03695b4257b5c6cbf4e6784e,4
ac3508719a1d8f5b7614b798f70af136,4
acadd4d36859671cb635527c6c977533,4
acb6c2ca5c82411c1fdb88d5fd5eb95e,1
acce39e832338debb07b02385cde5967,4
aced59e9b31ef866a94f9e7f29d8d418,4
acf974e4d5950ad143a247471b831eb9,5
ad420dd0c4f92f8af951ac24b86d0cf5,3
ad75519a07f039025e83795a4418470f,3
ad781527c93d00d89a11eecd9dcad7c1,3
ad87df7699e83b8a91822a4a0b765c3a,4
ad8b531ae67582f096925cff5630d0d1,1
ad97a199236354e53fcd91a5a913e9a2,4
adbc26658d6c7b4b6219f9d934598091,4
adbe70ab2c97442046d393988c8d1d27,5
adcf50477d6a1f5d91bb9d54c4903cb5,3
ade45994b717ccee333492330fbf037b,4
ae45df84722b1d15c5f32b23a095746c,5
ae7ab174effdead6c241e547e4ca13f0,5
ae8bfdbf1c2a2a2dee92d799db0a31c6,5
aeb36d67f1414f234d42a29e27cf1f17,5
af3ef48d0e13835e529c29ac573c63e5,4
af4a0e4cfe1d9c26b6712b1be25a72e5,4
af7cdac9d9897cddead9c6b08976c642,4
afa6714acee029b2dfdf357e5579cc03,5
afe0067131b73e40875c9b6c10bd2e21,4
b0398568231ba5e6734af1881671a317,5
b080809eaacb49e5ca07290981472431,5
b0b346d3a89f5eb4c2968af3f083cd43,5
b0f2a6122a90a93eb03e68653dd960e3,5
b1204cfda1d4948679db3cfc0d3cb95c,2
b127efdabeffb5d559349c7b172eb75d,5
b12cfd255810394b60caef18ae163547,5
b14db04aa7881970e83ffa9426897925,3
b16d3dadc47d4eb18be3d88bad0775ce,3
b17b679f4f5ce2e03ce6968c62648246,3
b18871c324516afa228a13e8f1ef0ae9,4
b18dc380845b24038cfc48006478f099,3
b19f3ca2ea475913750f25a5c37c8d8f,4
b1a81260566c1bac3114a6d124413f27,4
b1aaae6b66ad3c40f54b389d7ea4bee0,3
b1ac6ea7895bc3dd6f0f6f4abbdd2821,4
b1b3948701c5c72445495bd161b83a4c,2
b1fc4f64df5a0e8b6913ab38803c57a9,3
b1fecf4da1fa2689bccffa0121953643,5
b2479f944e1b90cf8a5de1bbfde284d6,3
b248792ac0b60ec3f93d80af1b4fae47,5
b274baf5bbd142410eb2958cf685d684,4
b2a6d334e2833acea353624840e25a0e,4
b2ac621f0d0322434d04a12b078b9369,4
b2ba3715d723d245138f291a6fe42594,4
b2c97074649f92197d9387d9033dda5f,4
b2eecf5ea250510da76590ca79d60e5d,5
b32be1695eb7ec5f10f72d9610a12527,4
b335c59ab742f751a85db9c411a86739,2
b33aaadd1a8891d2dfef0c4c3bdf0371,5
b33e7c55446eabf8fe1a42d037ac7d6d,4
b347677812ea483b0f528eaf8cbc09b7,4
b372ee768ed69e46ca8cdbd267aa7a38,4
b37c4c02bda3161a7546a4e6d222d5b2,1
b39d7fe263ef469605dbb32608aee0af,4
b3f19518fcec265b2e97af287725f981,4
b410bdd36d5db7a65dcd42b7ead933b8,4
b43d8b707f887a30f4675391098354a0,1
b45d7ebfb7378630f1bcd74b6ff86ff7,5
b494891378bd8f4560abe576c52deacd,5
b499c00f28f4b7069ff6550af8c1348a,3
b4a476fbd28de64b1e347abf9089366a,4
b4b447d715f9ab302a188fb43d3e96b3,4
b4f8921fcc4ff77b66bea6dda43dcd51,4
b4ffb71f0cb1b1c3d63fad021ecf93e1,3
b55638ad525e906c698fa2ce742c1742,4
b561927807645834b59ef0d16ba55a24,4
b566ab0ef88016e00422755e305103c6,2
b56828a9f9027f3c918c04ca720d9e3c,4
b56906f7fd1696e043f1bcce164c487b,3
b586cd24c010a13916af621b0325fbba,3
b5abf4f36adc043117b4fca82c22984c,5
b5bb2b985208834bd5bd86c7a402bbad,5
b5e3e38609125694d2ea2417522a60b7,3
b64d51f0435e884e8de603b1655155ae,4
b67d6c666e8dce1d078c882825e12704,4
b6d44737c043328708f6749c2dbe50bd,4
b6dc74ed30f124f95227bed4e43a3bed,2
b6e1504972665f739dec4facb9943775,3
b74d1c09cb380e1d03a6f859c6f4224b,3
b76a1f8356322f12529c37b67d5c96c2,5
b76dba6c951ab00dc4edf0a1aa88037e,3
b7cc6c5e001441ae8cdd5c69a480cbe4,4
b7d5b4b87af9d42b601865d3f3810bff,1
b7ed9fb14c8eadb37adb9c45d67ab0fb,5
b8114f2f589a6804810f04f99b36b498,5
b839e41795b7f3ad94cc2014a52f6796,3
b83cedfb587e7911540e3f576d6917ce,3
b8555308bfdb4ca1ed54325a58da9a97,4
b8578d2d823bd8e251f6fdd02b40902d,4
b8630e1121437d41cb08e3c749c2c2e2,5
b87a7ea0c30fad2dd6781b74a0064859,1
b88e7c57cb2d8b973b7dd4a2bfa14b36,5
b8a0adc91af209270c2c725168eb00fd,4
b8bc237ba3788b23da09c0f1f3a3288c,4
b90e891671cffd9557f33a97dc523645,4
b92e3c8f9738272ff7c59e111e108d7c,4
b94cc9f10ddc85e4ba73a6f7974e7101,4
b98b715fe9e276204e2a3464f48cd796,3
b9a03475e6447e631b6799ec8274800f,4
b9ca8e8baa5d4aa038394a700f63e69f,4
ba143b05f0110f0dc71ad71b4466ce92,4
ba5daa4041e1f15cdf34b76e3e18a450,5
ba6b4a237f92479743cf0ca06b67a9ac,1
ba6b68b55fe8704377a7d43c8e5c0185,3
ba6ce6de456f6c11d08c17701ba5c26f,2
ba89796db68db180bd389de96b2ff3b6,5
ba90964cff9b9e0e6f32b23b82465f7b,4
bac692d6c0ed08467878018e6cc9c26c,4
bacb1f0ed56ad24198f5810d2b3fe9a5,4
baeda7047354773262ba2405f97038ba,5
baf15155e37ef5492731459bdc05be8a,5
bafc5aa11e413978be29040f51342e70,4
bb135baca94c82fcb731335ad5b04a03,1
bb2afe2061d53c6968aa0cffa233a8ec,5
bb5bd94c8f59cc050072d2930c869cac,4
bb7a14e229b1c95156719c3d9552eeee,3
bba3293d6f5d5af2f415e004e8b93ae3,4
bba74270a87732727b5a3b4fd9ac1c39,3
bbad7e518d7af88a0897397ffdca1979,2
bbaff50f3b708fda865918715276cd87,5
bbf4a892cac7b82422baa711dffb8997,5
bbf9ad41dca6603e614efcdad7aab8c4,5
bc07d855eac23aab5ac8a120f21d16b2,4
bc2ac6b95e1accce9858528ee566c17e,3
bc302730ea8cf49b5c74f579febb5bbf,5
bc30de0d71bd6260b936a026b5cf7200,5
bc47d5d1490df2b36add65d733eafaba,4
bc503e244f187939d10c92a5c8e378ce,1
bca9230d3bbb4efa51872bf605a2f1ad,4
bccf933e006e9b94a6184af782963e77,4
bce6a5ecf98e99fd2a8868b15c51f04b,3
bd0389da23d89b726abf911cccc54596,4
bd0a1b0aadca9a83d9304f7e8ff5fbd5,5
bd149ed516d4c5d418d5781f8e18919f,5
bd1d49a326abfa9b1036772e40445430,3
bd23da7354813347129d751591d1a6e2,3
bd4889b5e9133b35b66e42a8665cea5c,3
bd697db56ff8e7c9cd1abeb7f72029b2,5
bdae679a9b282249bc23b9b69dae9a99,2
bdf0d02d36a1d839d0c39c4a887cdd49,5
be1e9e378700cecaa4ebf71433d7915c,5
be67f78487e2cecb0d55bc769709e4f5,5
be8e909810184b9b19e886129149d8e5,3
be9a160a9011f627c3e121d076c1ec7b,1
beadbee30901a7f61d031b6b686095ad,4
bec568278124768c474ee90971ca94d1,4
bf00385a5f7fc1ef39a13c2e9ee50a5f,4
bf0d50a6410d487dc97d2baac0a8c0be,2
bf100ecb7997df312b285358fb32f92c,4
bf3c6d2a28b2b5501e6c15448982dcc9,4
bf84056e679dbe9c69929847a40e338f,4
bf961104a38e01b9062ee026bb657dee,5
bfd27a966d91cfaafdb25d076585f0da,3
bff9deb0ec77d437f3305a79cf25529e,2
c003204e1ab016dfa150abc119207b24,4
c0098efcf800861dcae589affca31408,5
c013e57c075a06e5b5c48ee03c525719,4
c0563dd588b775f2e37747ef6ad6c92c,4
c0aff2da32c17759d30b22fb0af6649d,3
c0e0b73d039eb9a99b6ce4cb7a429cd3,5
c0e6839516f5398edc34adf5f1d53d1a,2
c12b92bf1c350f3e6bf88d3596219c86,4
c161d1327ebc3a156c09582ab2f59f6c,5
c1d1ebb4745cc43cb6f05e9c8a705c9a,1
c1ed9e3daf6154542826a6996af0fb8c,3
c1f12f926d0ba950578b4fa41115cbb6,3
c24173065483e421f9e5e7f599de101d,3
c26a2be5b53b7db6b276280da212a779,3
c26ba52cf8d2f34915f2f6b7ffa0a3f3,5
c273175f7c6c80fb02f051e2fc6d0d72,3
c2d70ce2c5d0a2eb75e78668236e6dc8,5
c31eff8334d6b3047ed34bebd4d62c36,3
c32fc744b9160ac853450488e3cfea93,1
c33847515fa6305ce6feb1e818569f13,4
c33a5c3c983090c8b78a28e65052a20d,4
c35672b10ad50968f567ea3f4b91e877,3
c35affa65afd250151285c5917fc1c8a,2
c37b2059d4f90d4feead554e5246565e,2
c3867b4666c7d76867627c2f7fb22e21,3
c394e193cda3b4225ff2094d32184849,1
c3aad7dc65449ae90a5e9c3c6c1e78e0,5
c3acdfac4e3e97ff87529454fbc03642,3
c3cfdc648177fdbbbb35635a37472c53,4
c3e1abd72a42fe690fcd89cf5720fe29,3
c3f5668699a1b04c0fa61ecea1e2bff6,5
c3fe93ba3085f92855c97e57f38c8c05,5
c42fd8e4d47dfb18ce5222f2dd7752f9,5
c447f8dd3ed213f291d65ef074a268eb,4
c458e2045a8aa8964f8879af03fdcce6,2
c4d51195486dc781531876a7d00453d8,4
c4f7fee5b0db50e87766f5a4d1b1b758,1
c4fabeea6e569d42d02993bb1f4f1cbc,1
c4fb51fb1c5b7c07bc5e67be6e7e8f6e,4
c500367424994318b9e779ff1ae9a330,4
c510bc1718f0f2961eaa42a23330681a,3
c522be04e020c1e7b79f3acff36513d5,4
c53bcd3be457a342a97e39e5a9f0be22,5
c54679b132454625907c773d273d4126,5
c5e60e39c0f42b8e827daa13cff74afa,4
c5f7e746b7e6d07def6c0dae9903279b,4
c5f7feb04a6a1fb3596322bfc3cf1917,3
c60b801f2d52c7f7f91de00870882a75,3
c611f4ce9ce875bcc063fa97fd4d7d12,4
c6218512d16fcac0af02fe92691cf274,3
c6381d2d013342748761e906d45aff76,4
c64a2aec32cc408a8a4c6d7c46017f91,4
c66dccfb3f109511246da627dd5a2498,4
c679fb69a36e1d8349e8c50a217b4d58,4
c68fb906c8f4b4b946d8386bfa6e5467,4
c6a7539d424a8402232c2228d7a03c5e,3
c6bda72e4dbf5c5866b13cb1810c6d03,4
c70a353f02429c00775a46a75fb787da,5
c70c1b0d8ca86052f45a432a38b73958,4
c7246702dc991a06d788120dc7544391,5
c72de06d72748d1a0dfb2125be43ba63,4
c731d18cea9bf687ffee82a241c25b11,2
c79151301b9d90985d1fa52879213105,5
c794dab4928dd97beb41d05514441e86,4
c7a0a13cbcf29d5ce51c8f80afdc0b89,4
c7b7db6c8f3c64a7cc1afa634db21d50,1
c7dcd301ecfe5ab7f778ac172cf74be7,2
c826c40d7b19f62a09e2d7c5e7295ee2,4
c8417879a15366a17c30af34c798c332,3
c84592044b180dec206770c38603814b,3
c8467937e403e76a8ee9f0ab13f6f5ef,3
c847e075301870dd144a116762eaff9a,3
c864036feaab8c1659f65ea4faebe1da,4
c89cf7c468a48af70aada384e722f9e2,5
c8b0e2b0a7095e5d8219575d5e7e1181,4
c8b3445d737de6befde0c88ede534a5e,5
c8e135e7b21ecbc36c1153a29d2f5a06,5
c990d6cf976a5718aaedc539f383ab88,2
c9a06ece156bb057372c68718ec8909b,3
c9aafcd0621b2207c10e32c649cada4d,3
c9c7905cffc4ef9ff9f113554423e671,3
ca3bd7cd9f149df75950150d010fe4a2,4
ca4b77513ac2040591b0d8fae6958380,4
ca7c6bd577e559472af1c699de9e764e,5
caa9bc43a9fe8cf9c564ddd8a03cc4a6,4
cab85505710c7cb9b720bceb52b01cee,4
cac4c8e7b1ca6252d8f20b2fc1a2e4af,3
cac4e0bc1a3269fa2b6ea5e763f6115b,5
cac63f48c38cd7d002a7e846dcd99a23,5
cac876b37d3abcd6bd76caca30277996,4
cad10cc982ab6a391570c211b995c17c,5
cad9969167c09b48ae6f1d123f7fa68d,5
cb0b3bcf14e0a709df412a99424a59d7,4
cb162c8eef257253782d245c08d9097c,5
cb3dd9ce66268c7a3ca7241ac70ab58c,4
cb41bfbcbda0aea354a834ab222f9a59,2
cb5df0dcb9e280b1780e9d589889f2c7,1
cb5ff1b9715e99589f3e0c7a6afab9e3,4
cb6c9f5888a7a090c75beaf615925792,2
cb8bcce248bb1fb274ba762d8b971456,3
cb9fb4ca75d7ba8437480e8dde64fe98,4
cbd996ad3c1b7dc71fd0e5f5df9087e2,4
cc3d14116804f7209f3884f6367f1152,4
cc419e0650a3c5ba77189a1882b7556a,4
cc5a78bbad32776dc4e3af205218368c,3
cc63f0dd2acba93ffed4fe9f8e0321fa,3
cc80e2f693fa6e2408f47ccf62413fc1,4
cca3071e3e9bb7d12640c9fbe2301306,3
ccb83a794700270fde70898fe9ff368b,5
ccc4bbb5f32a6ab2b7066a4130f114e3,4
cce6ab8d1682639fe45ab70234f1665f,4
ccf8813e5a7d6c84d865cd38bfc2b130,4
cd06602b43d8800bd0afad514919d35c,3
cd3d09fbe6e3e9ff0c0ac0c300e93ae7,5
cd68562d3f44870c08922d380acae552,3
cd6efc47efaabf134f8bdb654e10b4f1,4
cd843d4cf8ef32827de0396605163ba3,4
cda598c48d7c614bc1cad7d8ff6f0010,4
ce20a2ec1514c25e16f2b5b39bc818f0,5
ce248b21cb2adc36282ede306b7660e5,4
ce27a3cc3c8cc1ea79d11e561e9bebb6,3
ce33c6211beaa8fef4cae8b52db39862,3
ce4755084bc097113867e6454f8f5e52,5
ce616e1913288884e7742faac9d981db,4
ce69a8021d18961dd2a40269b7c2c293,4
ce7d1888639e6fb06b2749cbfdac1ff7,4
cea729054f157f5870bdd321a958d994,4
ceaec5548eefc6e23e6607c5435102e7,3
cee48807215b30a12ca2ca10ffb5f250,4
cf1313c6e2c01c2f4b014f97db4bcd2b,5
cf2384dd2f1dddea3f838efed0945e65,4
cf654707ed6a99f112c7ec3d6f314b8b,5
cf6f6bc4df3999b9c6440f124fb2f687,5
cf8ab1616079e2793aa29d524df01bb1,2
cfa5ab0e4d3fc212fd0b3410e7081c62,4
cfb1a033743668a192316f3c6d1d2671,4
cfd7ddab722b902f7ac5b5f3ba6d723d,5
cfe94489ddd337d1e29e12f2a7205d10,5
d03698c2efd04a549382afa6623e27fb,4
d05ae8f7a5bd1d2a690a44cd079e4e27,3
d06d019f72a04e5497a0b64190af170c,4
d0d70d21e2234dd7cd3cf63fe414148a,3
d101c6da914ae3d53f7bee42283f2fe2,3
d12c926d74ceff0a90a21184466ce161,3
d13e50eaa47b4cbe9eb81465865d8cfc,4
d17f467e4bf608a510c20d82f4ba3b6b,5
d197aa8fbc64087f61984deef05f6227,4
d1a1b40ec554c593a1a99366746289dd,2
d1b65fc7debc3361ea86b5f14c68d2e2,3
d1b9d4be4b6f9ebd85f8acd6745ba612,2
d1c281d3ae149232351cd8c8cc885f0d,3
d1c7fa84e48cfa21a0e595167c1c500e,5
d1ef48b38baca7e831711c4a0aeb398f,4
d20b021d3efdf267a402c402a48ea64b,3
d23019c84ffae2d5ef2270367b8605fc,4
d2374cbcbb3ca4ab1086534108cc3ab7,3
d25aa0aaacb370e912f8cf6efeba38b3,5
d263fa444c1504a75cbca5cc465f592a,5
d26aa40b90272d4843d63be7c1462c8d,5
d297f1055de2956aedfd3b04113dce3e,4
d29ba1220fb8634fa3a107e54497b8a4,3
d2e753bb80b7d4faa77483ed00edc8ca,3
d2f3e277560ed4c6361284429b00f037,5
d32e3909cfb714fb2a6cb092c85b9c5f,3
d354c38a7182125a748cb10474fe963b,4
d3674f271c91f824f82d24d92011f669,4
d379f449f2a3b271bc01c0782020f705,4
d3dcf0604eabf0224fbd5948b5e02f69,1
d3f39f05462b79a4562d35893a28f159,3
d4e12e7884759a14fa0f5f896c791cae,4
d4e4b5192cba4e0e66eb12a9d347239d,5
d4f117125b59ce73c3302f88ee40c458,5
d4f91e8be86b38da2ee35bc489645a9d,5
d4ffeb15b67e81ff9af2b4252d99fb7e,5
d50d79cb34e38265a8649c383dcffd48,3
d51e0a403fe2e689ece6c73359d96e12,3
d566c37fa119d5e66c4e9052e83ee4ea,4
d57e18d5f73c7ccb7f7339b61166898d,4
d5ba419e26d246a0719437cf37d9b46d,4
d5c530f4884a75ae0dba9c148718d278,3
d624126b9206f595fb3fbb6ba03b28a8,3
d650b663c3b5f6fb392b6326366efa9a,4
d66c11a9572221d92fbb8c4897db5f9b,4
d66c305afaec317ebee552073a674429,3
d673a59aac7a70d8b01e6902bf090a11,4
d6ab728cf30867cf3f1a2e216ae2f9b7,4
d6b1ce66b035a475f00c017792ff9769,3
d6b664fa0667064c6d76394e7848d790,4
d71d863e5ef30d94e440c11be17dcd8f,3
d73cbd89533ce8b041a9190241453ac8,5
d7485b33791774c36108f8c69602d48d,4
d79e8478eed9999493990b44955fb22e,3
d7b2377bae6ace1b11fc69a11900ac36,5
d8c7ba53e7e38711eaef8c2849d6d2e1,5
d8cf3b6a2151949f930d0252b180ec42,1
d8d9567d0bfb0bc7eb845a205ba42657,5
d91fb3b7d041e83b64a00a3edfb37e4f,3
d921b68bf747894be13a97ae52b0f386,4
d93844a9c55ba7ce353388bcf849ea56,4
d93919c944be9cff128f6c9cb899eacb,3
d9442042130b7fe579d1295f9f4a248f,4
d94a40fd42351c259927028d163af842,4
d94ba08b99bedd6a5f6c875ecc4a6fac,5
d97df38225e5abadaff1e72cb72b823c,4
d98eec89afa3380e14463da2aabaea72,4
d9a84e1403de8da0c3aa531d6d108ba6,4
d9bd94811c3338dceb4181f3dbc0c73e,4
d9cd369bffa979d1634f8e1318bf2f1b,5
d9d43faf741ceaa8da52fdbb81d9e0e3,2
d9e7e7778b32987280a6f2cb9a39c57d,3
d9e8c084b68fe958861d8f2c21202e6b,5
da03c298e3999e9d828591fc2179d109,4
da2782c804606d2a5d8e1760dbb3e7ec,1
da4d149c0ddbac90557103ac0a0ec356,3
da6a60cc8cc724fe51be021ff8be779c,4
da7039f29f90ce5b4846ffc0fcc93beb,5
da8622b14eb17ae2831f4ac5b9dab84a,3
dace965ca58120f92f8d742a9fa1864b,5
daeb5653dd96c1b11860f72209795012,3
daf565f087a52def0fd5c5825b3661bc,3
db2956745b3a8e9f3785c99f34b5d25e,3
db4350fd57ae30082dec7acbaacc17f9,4
db46ca7bce82b11f7e247539271fc390,5
db7ed69a53aa9fb1c01930ba54a88bbe,5
dbb9b48c841a0e39e21f98e1a6b2ec3e,3
dbc22125167c298ef99da25668e1011f,4
dbd66278cbfe1aa1000f90a217ca4695,4
dbdd0ec73a4817971d962698f2fea022,4
dc317f341ab0e22f39acbd9dbf9b4a1f,4
dc4a0fc896dc34b0d5bfec8438291c80,3
dc64d75cc406bb0697be983831430e60,4
dc7192adf8ba09569261f4a8d576afe0,2
dc8798cbf453b7e0f98745e396cc5616,3
dd264199fc8b687ad029de7de6d760e6,5
dd2bdf855a9172734fbc3744021ae9b9,3
dd4d95ba2d15c071e6c695e2ef6ce169,4
dd533b429f380718b70ad9922c294bae,3
dd55f1bb788714a40e7954c3be6df745,3
dd7ddc04e1b6c2c614352b383efe2d36,3
dd8a29ce82d5c705ba932d81494600a5,3
ddd51ae8cda92f3995a51fc0f0f3eec7,4
dde698c6d0bd24834c586e5111c2bba7,5
de09d00cfc265b8804c7df34075a68fa,5
de0c78824586e9a5f5f04fd84e25df39,3
de23c3b98a88888289c6f5cc1209054a,4
de66a66f2dd06bb9ec37aa96987466a3,4
de722cd6dad950a92b7d4f82673f8833,4
de9727ca376d1be6ec121b110aa7954c,3
debe6615cd90cc0c2eac2b8988e1f628,5
dedcab67899479e4ea5dcc4eba47f587,5
dee656f0f566ed1aa85bd137c943f08f,4
df0f42bc4c2142eacf0eaf2cffd0cfbb,4
df560393f3a51e74553ab94004ba5c87,3
df56d7b40d437f88407c5f78b63bc328,4
df91910b6a03bb2e3358fa6a35e32f6f,4
dfa0c4c6229ab200a4a1336b4d7128ff,4
dfc475d54e1b6dbeeb7d7d9bdaa63827,4
dfc5fb7259bb2b599ca565e6e9448f0f,2
e00d85ce20ea50c1224c66ca5050527d,4
e0487761face83d64fcada2408959a36,4
e067ad2c1c0b48758eb1b5228bcf7a68,3
e06f09ec0a4aca210779cf1cfc63cf19,3
e0878efa0e0b7e5313ac0b43bc04c081,2
e09887ca8c7bf8a4621ce481820414ef,3
e0a366315b1b726b6c7832d664c0f530,4
e0a3c37054ade6478d923a6efc10f308,5
e116c7455dd26a4d8c3e92532583905f,4
e174dc2de86d60fee178170a154c05e7,1
e1a210d482714ce337763a19aef94ba4,1
e1b12447a7563944843191754aeb5562,5
e1bed63d68ac36fe1f3061befe196af5,5
e1dc0754bada9ee4cfe9713f22f61292,4
e21a1e8be4715b0fcfd5385643bc49c4,3
e24d3429d294b2eb200b064ebb035879,5
e24fc9fcd865784fb25705606fe3dfe7,4
e250d617a0ad591ba9bd663e584a895d,1
e256a62e0ac58c0edfba09966142d561,5
e26901d5ab434ce92fd9b5c256820a4e,4
e2a1ac9bf33e5549a2a4f834e70df2f8,5
e2aee0892199b1d92530e371abd825bf,4
e2c92f9c1c7746d899d18f2e158bbff7,4
e333046ce6517bd8bb510291d44f0130,4
e38db885400cd35c71dfd162f2c1dbcf,4
e3a386fc36e22064434e1fa256f6a9fa,4
e3b4998c7a498169dc7bce44e6bb6277,5
e3d3b3efac954a60d61be70b7e05b49b,4
e3dd723429d1b23614b7fa85e2c7a853,4
e3e15e2c0b9700561efac21c6be48066,1
e3e290b38963293022cdcd6db8328103,5
e439f7176d763f92de325271111b2fd5,5
e46bc031f2c5bae4ccb40bb90712e9b4,1
e48b04bf1aa1ef711caebeb7aede6180,3
e48cc16ab70bfa09e1401740dce0b3d7,4
e49c26c3edfa46d227d5121a6b6e4d37,4
e4ebd3f87bf70440014f07ddda7fbe03,4
e4f121bf6ef8b9a1d4d3e65dd0473fab,5
e504a4e2efaa45cbff7e268a2c58c956,4
e51f22821f0c12a16ad5c020cdcd55e9,4
e53d5b9b29d1218281f4a907ada18626,5
e5475dcab1e07b63d7f6e902d8f5eda8,4
e5899683388855d3dabe8913bbe365de,5
e58a5b390e28abc0b216cfb0e07d27d7,5
e595809a6c31ec4314fd06ef198c244d,5
e59aa562b9f8076dd550fcddf0e73491,4
e59e489e2ea74bd409b798b5daf49de3,2
e59e575a175fadcadf8479e191770425,5
e5a3438891c0bfdb9394643f95273d8e,3
e5a38146df062edaf55c38afa99e42dc,4
e5cbe890e679490127e9a390b46bbd20,4
e5d4b2b0c3bca22085f7a19a28de0c42,5
e5e33c0d8e7e002f398f5dc4cbbb338f,5
e5f9e61ceb5f523cc966e0f34095032f,5
e601b04acf48b4576e73ddca9481f0dc,4
e603cf3fec55f8697c9059638d6c8eb5,4
e627629ba868740e287800f1a9be81c2,4
e62b2d6ac10570a035a30bafcf01d263,3
e63e8bfa530fb16910dd6956e592bb81,3
e644cbadf7eeb30d0d29f335ce7d52ec,4
e64d65bc8dbec2accda90c58de5d1246,1
e64ddbe1cbcf4f2fc3092b7c481f3f9d,5
e6a69c4a27dfdd98ffe5aa757ad744bc,4
e76ecc7e9a1a1e3c6df9d2a8261c423d,5
e7d5b006eb624f13074497221eb37807,2
e7df4cd29ab5abab70fb0783ddb53987,4
e7f3bf1ecd8526eb7f3b18059e6716e5,5
e819bcfade7b5d88a27325eb6cfd62c5,5
e81e1f9c3e762e620f3fb60a51499e16,5
e82de6494d91d3c4c54450f59b227a94,1
e83e93b71371817b11d78a63ff156aee,5
e84ad2127668df3aafc6b73531a0beb8,4
e88165a185134e13fdfc85d4fa654db8,1
e882b2a25a10b9c057cc49695f222c19,4
e883aa812c37a7413226856f4579fe91,3
e88c9b79e592e370d6bd852eeefbf057,4
e88f7a2995ba184710d339c5c4bf2e30,5
e89c4adbe7b1d0819dbb636e16461cf1,3
e8a85b5f3df47be0984c55fd4064dbb4,5
e8b3a3a38279a82f0e5d006d5e5b7d2c,3
e8b4225284fbb02d16f200513f1f395d,4
e8f6dc8e6a1dcde89d20e3995c8d90b3,4
e94b64dc6979b302a5a5be1662c83bb6,5
e9511df20ccd82658a30c37b7fb343af,4
e96498ed8daaa3e9c23f7a62da76591c,3
e9729944ba65dc3ce425e0c5a22ae7b2,4
e9779976487b77c6d4ac45f75ec7afe9,4
e99e927c81e3f51739c94fcdfca9f10f,3
e9bc59e7b60fc3063eb2290deda4cced,4
e9c2dc0dd4ac38448289be644ac94f42,5
e9c6969d40e6a3d2d0f90013165c2b98,4
e9d99831abad74458942f21e16f33f92,3
ea00f977a203ff88adf7057cb7806998,3
ea1776927851da2532aa70d6a32c095a,2
ea3ebea5317b0efbc663ecc8ce5e9bc2,3
ea566164622c6b439516ab18062c42cd,4
ea67327e24487bdfac5fbfa37ea124df,3
ea8482cd71df3c1969d7b9473ff13abc,3
eaaa46e98c9e61f6764dd1d7a2ab8b3e,5
ead2bab70821ea148476ae9bc08548ac,3
eaf6d55068dea77334e8477d3878d89e,5
eb3071b9f0b0ddaa2df5ea130f09f26b,4
eb4df17aed01d918c65f0f8d650900c0,3
eb5b6204dde3a6e03b5f1bb8479f055b,3
eb72802c83dc7547529c9546d1a9b8ef,5
ebd2d60905fb58271facef5596b620d3,4
ebef8d8c92b4fd3226e5d407bbff21ac,1
ec21206b7894c503788a684a7bc822a6,3
ec4608a1f76453166bb312b2968aeaf4,2
ec5c1d94df153d473b37f880977ae58e,3
ec80e49e69745ab6c14f984bf2149423,4
ec8463980a4e0ea9f8517aea1ed0c419,5
ec8879960bd2221d5c32f8e12f7da711,4
ec933281fb017b5020d06df29c3f77e8,5
ecccfa2bb93b34a3bf033cc5d1dcdc69,1
ececbfcff9804a2d6b40f589df8eef2b,3
ed4311e67debd72b8610a5347a743087,4
ed46f1eb4a638113deb2a1137b5f22e9,3
ed4acab38528488b65a9a9c603ff024a,4
ed8cb7b190ceb6067227478e48cf8dde,2
ed9eef5be0992d413d251fadba1a410d,5
edb1ef5e36e0c8cd84eb3c9b003e486d,4
ede0c03645598cdfc63ca8237acbe73d,3
edf3fabebcc20f7463cc9c53da932ea8,4
edf96ef93ed595084bbcbd9224bd2894,3
eeb6de78f79159600292e314a77cbd18,4
eec3469d83e142f9a104886655338c37,5
eed78ac17f7f795a19a709745f00cd4e,3
ef0ace09169ac090589d85746e3e036f,3
ef2fbc2b607d8492bcffe657a4645434,5
ef30892870c278497523264be1be2241,4
ef506c96320abeedfb894c34db06f478,3
ef728fa1f17436c91ed1ccd03dcf9631,5
ef990a83bbea832f36ebe81376335aa8,3
ef9952469137ff190bacafe117f51537,4
efcd8d2104f1a05d028af7bad20d974b,4
efff9341f3f8f5237b44ff67ed36a7bf,4
f00e21b1e91a79653163b7fd8f293ff1,4
f021c962aaba8ef6eb527a9c2c8394d1,5
f0837c8d71434931d9e38e7b79234797,5
f08a5b9dd6767129688d001acafc21e5,5
f08c008c8a8d31417763738a1788a2a8,2
f09e26011d833ddab11593c1a097a92a,1
f0b47fbbc6dee9aafe415a6e33051b3f,4
f0e103c63864d5405b958d984b6e94c9,4
f114dca2828bf718548db175ebe2cfcd,1
f1198c871e0171278b63f40d112caeec,4
f125f3a310c2e5f822d116147de1e474,4
f12d3c2a14729ae461b920c11fe20fdc,4
f12ff17ad8bbf01ec5c33b17e506649b,3
f181738b150df1f37cb0bd72e705b193,4
f1b854361f4e15d5851b494df66f22b2,1
f1b93673502375d491780bb49d615dbc,2
f1ed6bd0a9b11b581f16c851c6a5a527,3
f1fd5ab1181f827ffad998c1a5de7d74,4
f205b1a3ca9a34e0f8a228bae6e4c7b3,4
f214d28e8d8e3ef068748498ccc2f813,3
f22a247b79dd22ecd91dc8e3b2a1b07c,4
f25e239052084705e17a982bc600ab2a,5
f262cbc1c910c83959f849465454ddd3,4
f266295f49a28eee21f413e0cbb0521d,4
f27e33c6d29b5138fa9967bcd445b6d5,3
f307937c1bb287c3efc2a514b94b0d1d,5
f326006815956455b2859abd58fe7e39,5
f3295428338a40977a03f555246a70f4,5
f35b3c613c4f7b2275f4185d0a3c59ec,5
f35becee938e982bd615edf8ef12bcfb,4
f3b80352b986ab4d1057a4b724be19d0,4
f3c38ab652836d21de61fb8314b69182,4
f3da5b2ff499efb8d4a6d371d175d7dd,3
f419677537694f0462a91990df6ca44f,5
f41ce2e25237f9092cd8e6e7516c7a2f,4
f435898e493ba0356019a0b1cb8b55b1,3
f44b6f775a2b390380e0e30b5c9d3eee,5
f45122a9ab94eb4f3f8953578bc0c560,3
f457c46070d02cadd8a68551231220dd,3
f46490624488d3ff7ce78613913a7711,3
f4a04f7be452aa3bb31760bf00055dd0,5
f4aba7c0bca51484c30ab7bdc34bcdd1,4
f4c4daa86e30c7e5a553a8d518ac03a5,3
f4db9b37944bcb8873e6b456ee190bbf,4
f524ad65d7e0f1daab730ef2d2e86196,1
f52c2422904463fdd7741f99045fecb6,3
f5403d3f50089112c4eed37928b7f622,1
f593898ec748b7a8cb81fc04edafd98a,3
f5a590cf36251cf1162ea35bef76fe84,3
f5b44895715ddfe3087dc414f30268f3,4
f5f1f2c5f923f36ad79ea1d07185ddc9,1
f5f2ab9bdb6b30c14c61be68c5ed37da,5
f5f46307a4d15880ca14fab4ad9dfc9b,3
f615fe7efbef0f4f08fd3086bc7a3e60,4
f61c63d13f7cd800549d5acdd390ae72,4
f626e15b7314c267e4429010866f70e9,4
f62d7bb4a613ec758a03342d46b580b2,3
f63d8f293af3a6454377546bd9dd19ff,5
f650a9708fa1bab22bdd8d3a818cc415,3
f67efa3f0b6761102a7f8c6b7b571f5d,3
f680f85bee2d253556ac91be391d2c82,4
f7496d659ca9fdaf323c0aae84176632,4
f76a3b1349b6df1ee875d1f3fa4340f0,3
f7720c4fa8e3aba4546301ab80ea1f1b,3
f783a638e9c6af4a7d0dbfde811e7a81,4
f789d2c4f2c2eb38fc4373e7a4b35264,4
f7ba60f8c3f99e7ee4042fdef03b70c4,4
f7c31656c19db6275a8acadca289f426,3
f7ccf836d21b2fb1de37564105216cc1,3
f805b96fa705ba7995a221f1749dc141,4
f80edd2c5aaa505cc4b0a3b219abf4b8,4
f8201cab383e484733266d1906e2fdfa,5
f84a00e60c73a49e7e851c9bdca3a5bb,3
f84fa566034f5e8e880a07ec624c56af,4
f8d5c7085db9a4ad2b8c1ffbeb2798c8,5
f8db351d8c4c4c22c6835c19a46f01b0,4
f918546be4bec7104d117789ba758b2b,4
f9244d45189d3a3605499abddeade7d5,4
f92d8c817434bd2d84d4e9c61322b7fa,5
f97e2b0650c2068227e1d366140eb62f,4
f9903dd0f812c7e771fcad47b6fff231,2
f9a02f1922d1de564392e656d82b3fda,4
f9d010e39375d9c91dce3f40b73a2f84,5
f9ec7093df3a7b346b7bcf7864069ca3,4
fa1a9dec3a9940c072684a46728bf1fc,3
fa1c13f2614d7b5c4749cbc52fecda94,4
fa3a0b5aabb344b9a92e3524b0202123,3
fa40cc5b934574b62717c68f3d678b6d,4
fa74b2f3287d296e9fbd2cc80f2d1cf1,5
fac1a9017ade7bdc94058fc1c969f355,5
fad44952713764836814be105382aee5,5
fadb07c842a2aef5d5a676b85f220e71,5
fb3cfbc8a86f5d7fbb4d36b8df63f60d,1
fb503a924a0b9db19d83dd0ac6dbef8c,5
fb89df7f89fd1b8f03fa2acca1ba7364,2
fbc14c0cf93505ef89f64665ffa4a7b5,4
fc0b214b59a83615fea981c6424a02ae,5
fc906263ca5083d09dce42fe02247800,4
fcb5ace8bcc92f75707dc0f01a27d269,3
fcba71d4d5db057f43249145e4eb1e27,4
fcdd820084f17e9982427971e4e9d47f,2
fcf16b7a8697e559f0123190bb30177d,5
fd312b6bf05efac6c3772d5b52205d8a,5
fd386aa7bed2af3c7035c65506c9b4a3,4
fd435faa3c0422b60440ea3480d0e77c,5
fdaaf5bfda82b7b80535610c831b8d09,1
fdb9095204a334cd8872252ffec6f2db,4
fde0cc9ea29c8ccfc0a2c22256a58c71,4
fe19dce63ae80346207c6c55713d1023,5
fe1b067411b8c5066e962aa146ccee03,5
fe1bbc5feda5c8979a8a1b3b2512d5a6,3
fe2032dab1a61af8794248c8196565c9,4
fe26f3ecb51a15e6d8335cd92da42562,5
fe49ee029e61e789a1f3a5525f57ba8d,4
fe4cd9461203cee790d36792420b310f,3
fe701d88b67eaca109dffd464d1be9f9,5
fe8055980a4ff7f64ed889c2b5926929,4
fe87f472055fbcf1d7e691c00b1560dc,4
feb793c88d836c3a75efa4b5a3465d70,5
febab0275244b9a49a623f0bd613ca2f,4
fec8cd45395b3cb0c2b173d7739706a1,5
fedf2c1386e137f296b3bbf3b635e69d,5
ff063b022a9a0aab91bad2c9088760b7,4
ff1e15b778c700abdd4d239b81ac466d,4
ff1fb4c404b2efe68b03350a8dc24122,4
ff314fa6033cc68ec451c47aee2d6ba4,5
ff4e2d38692ce827b1a4f4b8196e680d,4
ff4ea69c2a729e83e63c7579e4ef8170,3
ff69aa92bb6b1bf9b8b7a51c2ed9cf8b,3
ffa6adafb71b807dc13159e26431354c,5
ffad1e7127fb622cb64a900751590acd,5
ffc470761de7d0232558ba5e786e57b7,4
ffdd9f82b9a447f6f8d4b91554cc7dd3,4
ffeee66ac5d5a62fe688b9d26f83f534,5
fffd5413c0700ac820c7069d66d98c89,4
ffff564a4f9085cd26170f4732393726,2
